Workbook

Sheet Instructions

Sheet 3RD TERM Report Card
L5: Insert School Logo
D6: TYPE THE NAME OF YOUR SCHOOL HERE!
D7: STUDENT REPORT CARD | F7: Age: | G7: =VLOOKUP(B8,'1ST TERM Db'!A4:CI503,87,0) -> 14 yrs | H7: Class Category: | J7: ='1ST TERM Db'!CL4 -> Arts
B8: 1 | C8: Student Name: | D8: =VLOOKUP(B8,'3RD TERM Db'!A4:B503,2,0) -> ADEBAYO JAMAL | G8: Gender | H8: =VLOOKUP(B8,'3RD TERM Db'!A4:E503,4,0) -> MALE | I8: Adm. No. | J8: =VLOOKUP(B8,'3RD TERM Db'!A4:C503,3,0) -> 2806 | K8: Class: | L8: =VLOOKUP(B8,'3RD TERM Db'!A4:E503,5,0) -> SSS3C
B9: Number of Subjects Offered: | D9: =COUNTIF(D14:D30,"=100") -> 11 | E9: Number Passed: | F9: =COUNTIF(J14:J30,">=40") -> 10 | G9: Number Failed: | H9: =D9-F9 -> 1 | I9: Number of Students in Class: | J9: =VLOOKUP(B8,'3RD TERM Db'!A4:F503,6,0) -> 40 | K9: Class Position | L9: =VLOOKUP(B8,'3RD TERM Db'!A4:DO503,119,0) -> 1
B10: No of Times School Opened: | D10: =VLOOKUP(B8,'3RD TERM Db'!A4:G503,7,0) -> 224 | E10: No of Times Present: | F10: =VLOOKUP(B8,'3RD TERM Db'!A4:H503,8,0) -> 212 | G10: No of Times Absent: | H10: =VLOOKUP(B8,'3RD TERM Db'!A4:I503,9,0) -> 12 | I10: Academic Session: | J10: =VLOOKUP(B8,'3RD TERM Db'!A4:DX503,128,0) -> 2025/2026 | K10: Term: | L10: =VLOOKUP(B8,'3RD TERM Db'!A4:DY503,129,0) -> THIRD
B11: COGNITIVE (ACADEMIC PERFORMANCE)
B12: S/NO | C12: Subject | D12: Marks Obtainable | E12: 3rd Term C.A. | F12: 3rd Term Exam | G12: Total Mark | K12: Grade Obtained | L12: Remarks
E13: 0.3 | F13: 0.7 | G13: 3rd Term Total (100%) | H13: 2nd Term Total (100%) | I13: 1st Term Total (100%) | J13: Average Score in %
B14: 1 | C14: ='3RD TERM Db'!K2 -> General Mathematics | D14: =IF(AND(G14=0,H14=0,I14=0),"--",100) -> 100 | E14: =VLOOKUP(B8,'3RD TERM Db'!A4:J503,10,0) -> 23 | F14: =VLOOKUP(B8,'3RD TERM Db'!A4:K503,11,0) -> 69 | G14: =VLOOKUP(B8,'3RD TERM Db'!A4:L503,12,0) -> 92 | H14: =VLOOKUP(B8,'3RD TERM Db'!A4:M503,13,0) -> 92 | I14: =VLOOKUP(B8,'3RD TERM Db'!A4:N503,14,0) -> 0 | J14: =VLOOKUP(B8,'3RD TERM Db'!A4:O503,15,0) -> 92 | K14: =IF(J14>=70,"A",IF(J14>=50,"C",IF(J14>=40,"P",IF(J14>=1,"F","NA")))) -> A | L14: =IF(K14="A","DISTINCTION",IF(K14="C","GOOD",IF(K14="P","PASS",IF(K14="F","FAIL",IF(K14="NA","NOT APPLICABLE",""))))) -> DISTINCTION
B15: 2 | C15: ='3RD TERM Db'!Q2 -> English Language | D15: =IF(AND(G15=0,H15=0,I15=0),"--",100) -> 100 | E15: =VLOOKUP(B8,'3RD TERM Db'!A4:P503,16,0) -> 16 | F15: =VLOOKUP(B8,'3RD TERM Db'!A4:Q503,17,0) -> 56 | G15: =VLOOKUP(B8,'3RD TERM Db'!A4:R503,18,0) -> 72 | H15: =VLOOKUP(B8,'3RD TERM Db'!A4:S503,19,0) -> 93 | I15: =VLOOKUP(B8,'3RD TERM Db'!A4:T503,20,0) -> 0 | J15: =VLOOKUP(B8,'3RD TERM Db'!A4:U503,21,0) -> 82.5 | K15: =IF(J15>=70,"A",IF(J15>=50,"C",IF(J15>=40,"P",IF(J15>=1,"F","NA")))) -> A | L15: =IF(K15="A","DISTINCTION",IF(K15="C","GOOD",IF(K15="P","PASS",IF(K15="F","FAIL",IF(K15="NA","NOT APPLICABLE",""))))) -> DISTINCTION
B16: 3 | C16: ='3RD TERM Db'!W2 -> Civic Education | D16: =IF(AND(G16=0,H16=0,I16=0),"--",100) -> 100 | E16: =VLOOKUP(B8,'3RD TERM Db'!A4:V503,22,0) -> 23 | F16: =VLOOKUP(B8,'3RD TERM Db'!A4:W503,23,0) -> 70 | G16: =VLOOKUP(B8,'3RD TERM Db'!A4:X503,24,0) -> 93 | H16: =VLOOKUP(B8,'3RD TERM Db'!A4:Y503,25,0) -> 100 | I16: =VLOOKUP(B8,'3RD TERM Db'!A4:Z503,26,0) -> 0 | J16: =VLOOKUP(B8,'3RD TERM Db'!A4:AA503,27,0) -> 96.5 | K16: =IF(J16>=70,"A",IF(J16>=50,"C",IF(J16>=40,"P",IF(J16>=1,"F","NA")))) -> A | L16: =IF(K16="A","DISTINCTION",IF(K16="C","GOOD",IF(K16="P","PASS",IF(K16="F","FAIL",IF(K16="NA","NOT APPLICABLE",""))))) -> DISTINCTION
B17: 4 | C17: ='3RD TERM Db'!AC2 -> Chemistry | D17: =IF(AND(G17=0,H17=0,I17=0),"--",100) -> 100 | E17: =VLOOKUP(B8,'3RD TERM Db'!A4:AB503,28,0) -> 27 | F17: =VLOOKUP(B8,'3RD TERM Db'!A4:AC503,29,0) -> 62 | G17: =VLOOKUP(B8,'3RD TERM Db'!A4:AD503,30,0) -> 89 | H17: =VLOOKUP(B8,'3RD TERM Db'!A4:AE503,31,0) -> 95 | I17: =VLOOKUP(B8,'3RD TERM Db'!A4:AF503,32,0) -> 0 | J17: =VLOOKUP(B8,'3RD TERM Db'!A4:AG503,33,0) -> 92 | K17: =IF(J17>=70,"A",IF(J17>=50,"C",IF(J17>=40,"P",IF(J17>=1,"F","NA")))) -> A | L17: =IF(K17="A","DISTINCTION",IF(K17="C","GOOD",IF(K17="P","PASS",IF(K17="F","FAIL",IF(K17="NA","NOT APPLICABLE",""))))) -> DISTINCTION
B18: 5 | C18: ='3RD TERM Db'!AI2 -> Biology | D18: =IF(AND(G18=0,H18=0,I18=0),"--",100) -> 100 | E18: =VLOOKUP(B8,'3RD TERM Db'!A4:AH503,34,0) -> 20 | F18: =VLOOKUP(B8,'3RD TERM Db'!A4:AI503,35,0) -> 46 | G18: =VLOOKUP(B8,'3RD TERM Db'!A4:AJ503,36,0) -> 66 | H18: =VLOOKUP(B8,'3RD TERM Db'!A4:AK503,37,0) -> 75 | I18: =VLOOKUP(B8,'3RD TERM Db'!A4:AL503,38,0) -> 0 | J18: =VLOOKUP(B8,'3RD TERM Db'!A4:AM503,39,0) -> 70.5 | K18: =IF(J18>=70,"A",IF(J18>=50,"C",IF(J18>=40,"P",IF(J18>=1,"F","NA")))) -> A | L18: =IF(K18="A","DISTINCTION",IF(K18="C","GOOD",IF(K18="P","PASS",IF(K18="F","FAIL",IF(K18="NA","NOT APPLICABLE",""))))) -> DISTINCTION
B19: 6 | C19: ='3RD TERM Db'!AO2 -> Physics | D19: =IF(AND(G19=0,H19=0,I19=0),"--",100) -> 100 | E19: =VLOOKUP(B8,'3RD TERM Db'!A4:AN503,40,0) -> 0 | F19: =VLOOKUP(B8,'3RD TERM Db'!A4:AO503,41,0) -> 0 | G19: =VLOOKUP(B8,'3RD TERM Db'!A4:AP503,42,0) -> 0 | H19: =VLOOKUP(B8,'3RD TERM Db'!A4:AQ503,43,0) -> 84 | I19: =VLOOKUP(B8,'3RD TERM Db'!A4:AR503,44,0) -> 0 | J19: =VLOOKUP(B8,'3RD TERM Db'!A4:AS503,45,0) -> 84 | K19: =IF(J19>=70,"A",IF(J19>=50,"C",IF(J19>=40,"P",IF(J19>=1,"F","NA")))) -> A | L19: =IF(K19="A","DISTINCTION",IF(K19="C","GOOD",IF(K19="P","PASS",IF(K19="F","FAIL",IF(K19="NA","NOT APPLICABLE",""))))) -> DISTINCTION
B20: 7 | C20: ='3RD TERM Db'!AU2 -> Financial Accounting | D20: =IF(AND(G20=0,H20=0,I20=0),"--",100) -> 100 | E20: =VLOOKUP(B8,'3RD TERM Db'!A4:AT503,46,0) -> 12 | F20: =VLOOKUP(B8,'3RD TERM Db'!A4:AU503,47,0) -> 34 | G20: =VLOOKUP(B8,'3RD TERM Db'!A4:AV503,48,0) -> 46 | H20: =VLOOKUP(B8,'3RD TERM Db'!A4:AW503,49,0) -> 74 | I20: =VLOOKUP(B8,'3RD TERM Db'!A4:AX503,50,0) -> 0 | J20: =VLOOKUP(B8,'3RD TERM Db'!A4:AY503,51,0) -> 60 | K20: =IF(J20>=70,"A",IF(J20>=50,"C",IF(J20>=40,"P",IF(J20>=1,"F","NA")))) -> C | L20: =IF(K20="A","DISTINCTION",IF(K20="C","GOOD",IF(K20="P","PASS",IF(K20="F","FAIL",IF(K20="NA","NOT APPLICABLE",""))))) -> GOOD
B21: 8 | C21: ='3RD TERM Db'!BA2 -> Commerce | D21: =IF(AND(G21=0,H21=0,I21=0),"--",100) -> 100 | E21: =VLOOKUP(B8,'3RD TERM Db'!A4:AZ503,52,0) -> 20 | F21: =VLOOKUP(B8,'3RD TERM Db'!A4:BA503,53,0) -> 34 | G21: =VLOOKUP(B8,'3RD TERM Db'!A4:BB503,54,0) -> 54 | H21: =VLOOKUP(B8,'3RD TERM Db'!A4:BC503,55,0) -> 89 | I21: =VLOOKUP(B8,'3RD TERM Db'!A4:BD503,56,0) -> 0 | J21: =VLOOKUP(B8,'3RD TERM Db'!A4:BE503,57,0) -> 71.5 | K21: =IF(J21>=70,"A",IF(J21>=50,"C",IF(J21>=40,"P",IF(J21>=1,"F","NA")))) -> A | L21: =IF(K21="A","DISTINCTION",IF(K21="C","GOOD",IF(K21="P","PASS",IF(K21="F","FAIL",IF(K21="NA","NOT APPLICABLE",""))))) -> DISTINCTION
B22: 9 | C22: ='3RD TERM Db'!BG2 -> Economics | D22: =IF(AND(G22=0,H22=0,I22=0),"--",100) -> 100 | E22: =VLOOKUP(B8,'3RD TERM Db'!A4:BF503,58,0) -> 11 | F22: =VLOOKUP(B8,'3RD TERM Db'!A4:BG503,59,0) -> 23 | G22: =VLOOKUP(B8,'3RD TERM Db'!A4:BH503,60,0) -> 34 | H22: =VLOOKUP(B8,'3RD TERM Db'!A4:BI503,61,0) -> 35 | I22: =VLOOKUP(B8,'3RD TERM Db'!A4:BJ503,62,0) -> 43 | J22: =VLOOKUP(B8,'3RD TERM Db'!A4:BK503,63,0) -> 37.3 | K22: =IF(J22>=70,"A",IF(J22>=50,"C",IF(J22>=40,"P",IF(J22>=1,"F","NA")))) -> F | L22: =IF(K22="A","DISTINCTION",IF(K22="C","GOOD",IF(K22="P","PASS",IF(K22="F","FAIL",IF(K22="NA","NOT APPLICABLE",""))))) -> FAIL
B23: 10 | C23: ='3RD TERM Db'!BM2 -> Government | D23: =IF(AND(G23=0,H23=0,I23=0),"--",100) -> 100 | E23: =VLOOKUP(B8,'3RD TERM Db'!A4:BL503,64,0) -> 23 | F23: =VLOOKUP(B8,'3RD TERM Db'!A4:BM503,65,0) -> 60 | G23: =VLOOKUP(B8,'3RD TERM Db'!A4:BN503,66,0) -> 83 | H23: =VLOOKUP(B8,'3RD TERM Db'!A4:BO503,67,0) -> 90 | I23: =VLOOKUP(B8,'3RD TERM Db'!A4:BP503,68,0) -> 0 | J23: =VLOOKUP(B8,'3RD TERM Db'!A4:BQ503,69,0) -> 86.5 | K23: =IF(J23>=70,"A",IF(J23>=50,"C",IF(J23>=40,"P",IF(J23>=1,"F","NA")))) -> A | L23: =IF(K23="A","DISTINCTION",IF(K23="C","GOOD",IF(K23="P","PASS",IF(K23="F","FAIL",IF(K23="NA","NOT APPLICABLE",""))))) -> DISTINCTION
B24: 11 | C24: ='3RD TERM Db'!BS2 -> Literature in English | D24: =IF(AND(G24=0,H24=0,I24=0),"--",100) -> 100 | E24: =VLOOKUP(B8,'3RD TERM Db'!A4:BR503,70,0) -> 12 | F24: =VLOOKUP(B8,'3RD TERM Db'!A4:BS503,71,0) -> 23 | G24: =VLOOKUP(B8,'3RD TERM Db'!A4:BT503,72,0) -> 35 | H24: =VLOOKUP(B8,'3RD TERM Db'!A4:BU503,73,0) -> 47 | I24: =VLOOKUP(B8,'3RD TERM Db'!A4:BV503,74,0) -> 0 | J24: =VLOOKUP(B8,'3RD TERM Db'!A4:BW503,75,0) -> 41 | K24: =IF(J24>=70,"A",IF(J24>=50,"C",IF(J24>=40,"P",IF(J24>=1,"F","NA")))) -> P | L24: =IF(K24="A","DISTINCTION",IF(K24="C","GOOD",IF(K24="P","PASS",IF(K24="F","FAIL",IF(K24="NA","NOT APPLICABLE",""))))) -> PASS
B25: 12 | C25: ='3RD TERM Db'!BY2 -> CRS | D25: =IF(AND(G25=0,H25=0,I25=0),"--",100) -> -- | E25: =VLOOKUP(B8,'3RD TERM Db'!A4:BX503,76,0) -> 0 | F25: =VLOOKUP(B8,'3RD TERM Db'!A4:BY503,77,0) -> 0 | G25: =VLOOKUP(B8,'3RD TERM Db'!A4:BZ503,78,0) -> 0 | H25: =VLOOKUP(B8,'3RD TERM Db'!A4:CA503,79,0) -> 0 | I25: =VLOOKUP(B8,'3RD TERM Db'!A4:CB503,80,0) -> 0 | J25: =VLOOKUP(B8,'3RD TERM Db'!A4:CC503,81,0) -> 0 | K25: =IF(J25>=70,"A",IF(J25>=50,"C",IF(J25>=40,"P",IF(J25>=1,"F","NA")))) -> NA | L25: =IF(K25="A","DISTINCTION",IF(K25="C","GOOD",IF(K25="P","PASS",IF(K25="F","FAIL",IF(K25="NA","NOT APPLICABLE",""))))) -> NOT APPLICABLE
B26: 13 | C26: ='3RD TERM Db'!CE2 -> IRS | D26: =IF(AND(G26=0,H26=0,I26=0),"--",100) -> -- | E26: =VLOOKUP(B8,'3RD TERM Db'!A4:CD503,82,0) -> 0 | F26: =VLOOKUP(B8,'3RD TERM Db'!A4:CE503,83,0) -> 0 | G26: =VLOOKUP(B8,'3RD TERM Db'!A4:CF503,84,0) -> 0 | H26: =VLOOKUP(B8,'3RD TERM Db'!A4:CG503,85,0) -> 0 | I26: =VLOOKUP(B8,'3RD TERM Db'!A4:CH503,86,0) -> 0 | J26: =VLOOKUP(B8,'3RD TERM Db'!A4:CI503,87,0) -> 0 | K26: =IF(J26>=70,"A",IF(J26>=50,"C",IF(J26>=40,"P",IF(J26>=1,"F","NA")))) -> NA | L26: =IF(K26="A","DISTINCTION",IF(K26="C","GOOD",IF(K26="P","PASS",IF(K26="F","FAIL",IF(K26="NA","NOT APPLICABLE",""))))) -> NOT APPLICABLE
B27: 14 | C27: ='3RD TERM Db'!CK2 -> Geography | D27: =IF(AND(G27=0,H27=0,I27=0),"--",100) -> -- | E27: =VLOOKUP(B8,'3RD TERM Db'!A4:CJ503,88,0) -> 0 | F27: =VLOOKUP(B8,'3RD TERM Db'!A4:CK503,89,0) -> 0 | G27: =VLOOKUP(B8,'3RD TERM Db'!A4:CL503,90,0) -> 0 | H27: =VLOOKUP(B8,'3RD TERM Db'!A4:CM503,91,0) -> 0 | I27: =VLOOKUP(B8,'3RD TERM Db'!A4:CN503,92,0) -> 0 | J27: =VLOOKUP(B8,'3RD TERM Db'!A4:CO503,93,0) -> 0 | K27: =IF(J27>=70,"A",IF(J27>=50,"C",IF(J27>=40,"P",IF(J27>=1,"F","NA")))) -> NA | L27: =IF(K27="A","DISTINCTION",IF(K27="C","GOOD",IF(K27="P","PASS",IF(K27="F","FAIL",IF(K27="NA","NOT APPLICABLE",""))))) -> NOT APPLICABLE
B28: 15 | C28: ='3RD TERM Db'!CQ2 -> Further Mathematics | D28: =IF(AND(G28=0,H28=0,I28=0),"--",100) -> -- | E28: =VLOOKUP(B8,'3RD TERM Db'!A4:CP503,94,0) -> 0 | F28: =VLOOKUP(B8,'3RD TERM Db'!A4:CQ503,95,0) -> 0 | G28: =VLOOKUP(B8,'3RD TERM Db'!A4:CR503,96,0) -> 0 | H28: =VLOOKUP(B8,'3RD TERM Db'!A4:CS503,97,0) -> 0 | I28: =VLOOKUP(B8,'3RD TERM Db'!A4:CT503,98,0) -> 0 | J28: =VLOOKUP(B8,'3RD TERM Db'!A4:CU503,99,0) -> 0 | K28: =IF(J28>=70,"A",IF(J28>=50,"C",IF(J28>=40,"P",IF(J28>=1,"F","NA")))) -> NA | L28: =IF(K28="A","DISTINCTION",IF(K28="C","GOOD",IF(K28="P","PASS",IF(K28="F","FAIL",IF(K28="NA","NOT APPLICABLE",""))))) -> NOT APPLICABLE
B29: 16 | C29: ='3RD TERM Db'!CW2 -> Agricultural Science | D29: =IF(AND(G29=0,H29=0,I29=0),"--",100) -> -- | E29: =VLOOKUP(B8,'3RD TERM Db'!A4:CV503,100,0) -> 0 | F29: =VLOOKUP(B8,'3RD TERM Db'!A4:CW503,101,0) -> 0 | G29: =VLOOKUP(B8,'3RD TERM Db'!A4:CX503,102,0) -> 0 | H29: =VLOOKUP(B8,'3RD TERM Db'!A4:CY503,103,0) -> 0 | I29: =VLOOKUP(B8,'3RD TERM Db'!A4:CZ503,104,0) -> 0 | J29: =VLOOKUP(B8,'3RD TERM Db'!A4:DA503,105,0) -> 0 | K29: =IF(J29>=70,"A",IF(J29>=50,"C",IF(J29>=40,"P",IF(J29>=1,"F","NA")))) -> NA | L29: =IF(K29="A","DISTINCTION",IF(K29="C","GOOD",IF(K29="P","PASS",IF(K29="F","FAIL",IF(K29="NA","NOT APPLICABLE",""))))) -> NOT APPLICABLE
B30: 17 | C30: ='3RD TERM Db'!DC2 -> Yoruba | D30: =IF(AND(G30=0,H30=0,I30=0),"--",100) -> -- | E30: =VLOOKUP(B8,'3RD TERM Db'!A4:DB503,106,0) -> 0 | F30: =VLOOKUP(B8,'3RD TERM Db'!A4:DC503,107,0) -> 0 | G30: =VLOOKUP(B8,'3RD TERM Db'!A4:DD503,108,0) -> 0 | H30: =VLOOKUP(B8,'3RD TERM Db'!A4:DE503,109,0) -> 0 | I30: =VLOOKUP(B8,'3RD TERM Db'!A4:DF503,110,0) -> 0 | J30: =VLOOKUP(B8,'3RD TERM Db'!A4:DG503,111,0) -> 0 | K30: =IF(J30>=70,"A",IF(J30>=50,"C",IF(J30>=40,"P",IF(J30>=1,"F","NA")))) -> NA | L30: =IF(K30="A","DISTINCTION",IF(K30="C","GOOD",IF(K30="P","PASS",IF(K30="F","FAIL",IF(K30="NA","NOT APPLICABLE",""))))) -> NOT APPLICABLE
B31: 18 | C31: ='3RD TERM Db'!DI2 -> Data Processing | D31: =IF(AND(G31=0,H31=0,I31=0),"--",100) -> -- | E31: =VLOOKUP(B8,'3RD TERM Db'!A4:DH503,112,0) -> 0 | F31: =VLOOKUP(B8,'3RD TERM Db'!A4:DI503,113,0) -> 0 | G31: =VLOOKUP(B8,'3RD TERM Db'!A4:DJ503,114,0) -> 0 | H31: =VLOOKUP(B8,'3RD TERM Db'!A4:DK503,115,0) -> 0 | I31: =VLOOKUP(B8,'3RD TERM Db'!A4:DL503,116,0) -> 0 | J31: =VLOOKUP(B8,'3RD TERM Db'!A4:DM503,117,0) -> 0 | K31: =IF(J31>=70,"A",IF(J31>=50,"C",IF(J31>=40,"P",IF(J31>=1,"F","NA")))) -> NA | L31: =IF(K31="A","DISTINCTION",IF(K31="C","GOOD",IF(K31="P","PASS",IF(K31="F","FAIL",IF(K31="NA","NOT APPLICABLE",""))))) -> NOT APPLICABLE
B32: TOTAL MARKS OBTAINABLE: | D32: =SUM(D14:D31) -> 1100 | H32: TOTAL MARKS OBTAINED: | J32: =SUM(J14:J30) -> 813.8 | K32: % | L32: =FLOOR(J32/D32*100,0.1) -> 73.9
B33: GRADE INTERPRETATION ::: A: DISTINCTION C: CREDIT P: PASS F: FAIL
B34: BEHAVIOURAL (AFFECTIVE DOMAIN)
B35: PUNCTUALITY | D35: NEATNESS | E35: ATTENTIVENESS | F35: RELATIONSHIP WITH OTHERS | G35: POLITENESS | H35: RESPONSIVENESS | I35: COMMITMENT | J35: CONSISTENCY | K35: TOTAL SCORE | L35: 40
B36: =VLOOKUP(B8,'3RD TERM Db'!A4:DP503,120,0) -> EXCELLENT(5) | D36: =VLOOKUP(B8,'3RD TERM Db'!A4:DQ503,121,0) -> EXCELLENT(5) | E36: =VLOOKUP(B8,'3RD TERM Db'!A4:DR503,122,0) -> GOOD(4) | F36: =VLOOKUP(B8,'3RD TERM Db'!A4:DS503,123,0) -> AVERAGE(3) | G36: =VLOOKUP(B8,'3RD TERM Db'!A4:DT503,124,0) -> GOOD(4) | H36: =VLOOKUP(B8,'3RD TERM Db'!A4:DU503,125,0) -> GOOD(4) | I36: =VLOOKUP(B8,'3RD TERM Db'!A4:DV503,126,0) -> GOOD(4) | J36: =VLOOKUP(B8,'3RD TERM Db'!A4:DW503,127,0) -> EXCELLENT(5) | K36: SCORE OBTAINED | L36: =SUM(B37:J37) -> 34
B37: =IF(B36="EXCELLENT(5)",5,IF(B36="GOOD(4)",4,IF(B36="AVERAGE(3)",3,IF(B36="BELOW AVERAGE(2)",2,IF(B36="FAIR(1)",1,"--"))))) -> 5 | D37: =IF(D36="EXCELLENT(5)",5,IF(D36="GOOD(4)",4,IF(D36="AVERAGE(3)",3,IF(D36="BELOW AVERAGE(2)",2,IF(D36="FAIR(1)",1,"--"))))) -> 5 | E37: =IF(E36="EXCELLENT(5)",5,IF(E36="GOOD(4)",4,IF(E36="AVERAGE(3)",3,IF(E36="BELOW AVERAGE(2)",2,IF(E36="FAIR(1)",1,"--"))))) -> 4 | F37: =IF(F36="EXCELLENT(5)",5,IF(F36="GOOD(4)",4,IF(F36="AVERAGE(3)",3,IF(F36="BELOW AVERAGE(2)",2,IF(F36="FAIR(1)",1,"--"))))) -> 3 | G37: =IF(G36="EXCELLENT(5)",5,IF(G36="GOOD(4)",4,IF(G36="AVERAGE(3)",3,IF(G36="BELOW AVERAGE(2)",2,IF(G36="FAIR(1)",1,"--"))))) -> 4 | H37: =IF(H36="EXCELLENT(5)",5,IF(H36="GOOD(4)",4,IF(H36="AVERAGE(3)",3,IF(H36="BELOW AVERAGE(2)",2,IF(H36="FAIR(1)",1,"--"))))) -> 4 | I37: =IF(I36="EXCELLENT(5)",5,IF(I36="GOOD(4)",4,IF(I36="AVERAGE(3)",3,IF(I36="BELOW AVERAGE(2)",2,IF(I36="FAIR(1)",1,"--"))))) -> 4 | J37: =IF(J36="EXCELLENT(5)",5,IF(J36="GOOD(4)",4,IF(J36="AVERAGE(3)",3,IF(J36="BELOW AVERAGE(2)",2,IF(J36="FAIR(1)",1,"--"))))) -> 5
B38: PSYCHOMOTOR DOMAIN
B39: CRAFTS/DRAWING & PAINTING | D39: TECHNICAL SKILLS | E39: ICT SKILLS | F39: GARDENING/ FARMING SKILLS | G39: GAMES & SPORTS | H39: CREATIVITY & INITIATIVE | J39: VERBAL FLUENCY | K39: TOTAL SCORE | L39: =SUM(C50:I50) -> 25
B40: =VLOOKUP(B8,'3RD TERM Db'!A4:DZ503,130,0) -> GOOD(4) | D40: =VLOOKUP(B8,'3RD TERM Db'!A4:EA503,131,0) -> OPTIONAL | E40: =VLOOKUP(B8,'3RD TERM Db'!A4:EB503,132,0) -> OPTIONAL | F40: =VLOOKUP(B8,'3RD TERM Db'!A4:EC503,133,0) -> GOOD(4) | G40: =VLOOKUP(B8,'3RD TERM Db'!A4:ED503,134,0) -> GOOD(4) | H40: =VLOOKUP(B8,'3RD TERM Db'!A4:EE503,135,0) -> AVERAGE(3) | J40: =VLOOKUP(B8,'3RD TERM Db'!A4:EF503,136,0) -> GOOD(4) | K40: SCORE OBTAINED | L40: =SUM(B41:K41) -> 19
B41: =IF(B40="EXCELLENT(5)",5,IF(B40="GOOD(4)",4,IF(B40="AVERAGE(3)",3,IF(B40="BELOW AVERAGE(2)",2,IF(B40="FAIR(1)",1,"--"))))) -> 4 | D41: =IF(D40="EXCELLENT(5)",5,IF(D40="GOOD(4)",4,IF(D40="AVERAGE(3)",3,IF(D40="BELOW AVERAGE(2)",2,IF(D40="FAIR(1)",1,"--"))))) -> -- | E41: =IF(E40="EXCELLENT(5)",5,IF(E40="GOOD(4)",4,IF(E40="AVERAGE(3)",3,IF(E40="BELOW AVERAGE(2)",2,IF(E40="FAIR(1)",1,"--"))))) -> -- | F41: =IF(F40="EXCELLENT(5)",5,IF(F40="GOOD(4)",4,IF(F40="AVERAGE(3)",3,IF(F40="BELOW AVERAGE(2)",2,IF(F40="FAIR(1)",1,"--"))))) -> 4 | G41: =IF(G40="EXCELLENT(5)",5,IF(G40="GOOD(4)",4,IF(G40="AVERAGE(3)",3,IF(G40="BELOW AVERAGE(2)",2,IF(G40="FAIR(1)",1,"--"))))) -> 4 | H41: =IF(H40="EXCELLENT(5)",5,IF(H40="GOOD(4)",4,IF(H40="AVERAGE(3)",3,IF(H40="BELOW AVERAGE(2)",2,IF(H40="FAIR(1)",1,"--"))))) -> 3 | J41: =IF(J40="EXCELLENT(5)",5,IF(J40="GOOD(4)",4,IF(J40="AVERAGE(3)",3,IF(J40="BELOW AVERAGE(2)",2,IF(J40="FAIR(1)",1,"--"))))) -> 4
B42: NON-COGNITIVE ASPECTS RATING KEYS: 5-Excellent 4-Good 3-Average 2-Below Average 1-Fair
B43: Class Tutor's Comment: | D43: =VLOOKUP(B8,'3RD TERM Db'!A4:EG503,137,0) -> Add the Tutor's Comment . . . | H43: Class Tutor's Name: | I43: =VLOOKUP(B8,'3RD TERM Db'!A4:EI503,139,0) -> Mr. Akinwale Ibrahim
B44: Principal´s Comment: | D44: =VLOOKUP(B8,'3RD TERM Db'!A4:EH503,138,0) -> Choose Principals comment | J44: Parent Signature:
B45: Principal´s Signature/Stamp:
B46: =VLOOKUP(B8,'3RD TERM Db'!A4:EJ503,140,0) -> Next Term Begins on Monday, 14th September, 2026. | I46: POWERED BY PLANNING, RESEARCH AND STATISTICS DEPARTMENT, EMIS UNIT
C50: =IF(B40="EXCELLENT(5)",5,IF(B40="GOOD(4)",5,IF(B40="AVERAGE(3)",5,IF(B40="BELOW AVERAGE(2)",5,IF(B40="FAIR(1)",5,0))))) -> 5 | D50: =IF(D40="EXCELLENT(5)",5,IF(D40="GOOD(4)",5,IF(D40="AVERAGE(3)",5,IF(D40="BELOW AVERAGE(2)",5,IF(D40="FAIR(1)",5,0))))) -> 0 | E50: =IF(E40="EXCELLENT(5)",5,IF(E40="GOOD(4)",5,IF(E40="AVERAGE(3)",5,IF(E40="BELOW AVERAGE(2)",5,IF(E40="FAIR(1)",5,0))))) -> 0 | F50: =IF(F40="EXCELLENT(5)",5,IF(F40="GOOD(4)",5,IF(F40="AVERAGE(3)",5,IF(F40="BELOW AVERAGE(2)",5,IF(F40="FAIR(1)",5,0))))) -> 5 | G50: =IF(G40="EXCELLENT(5)",5,IF(G40="GOOD(4)",5,IF(G40="AVERAGE(3)",5,IF(G40="BELOW AVERAGE(2)",5,IF(G40="FAIR(1)",5,0))))) -> 5 | H50: =IF(H40="EXCELLENT(5)",5,IF(H40="GOOD(4)",5,IF(H40="AVERAGE(3)",5,IF(H40="BELOW AVERAGE(2)",5,IF(H40="FAIR(1)",5,0))))) -> 5 | I50: =IF(J40="EXCELLENT(5)",5,IF(J40="GOOD(4)",5,IF(J40="AVERAGE(3)",5,IF(J40="BELOW AVERAGE(2)",5,IF(J40="FAIR(1)",5,0))))) -> 5

Sheet 3RD TERM Db
A1: 1 | B1: 2 | C1: 3 | D1: 4 | E1: 5 | F1: 6 | G1: 7 | H1: 8 | I1: 9 | J1: 10 | K1: 11 | L1: 12 | M1: 13 | N1: 14 | O1: 15 | P1: 16 | Q1: 17 | R1: 18 | S1: 19 | T1: 20 | U1: 21 | V1: 22 | W1: 23 | X1: 24 | Y1: 25 | Z1: 26 | AA1: 27 | AB1: 28 | AC1: 29 | AD1: 30 | AE1: 31 | AF1: 32 | AG1: 33 | AH1: 34 | AI1: 35 | AJ1: 36 | AK1: 37 | AL1: 38 | AM1: 39 | AN1: 40 | AO1: 41 | AP1: 42 | AQ1: 43 | AR1: 44 | AS1: 45 | AT1: 46 | AU1: 47 | AV1: 48 | AW1: 49 | AX1: 50 | AY1: 51 | AZ1: 52 | BA1: 53 | BB1: 54 | BC1: 55 | BD1: 56 | BE1: 57 | BF1: 58 | BG1: 59 | BH1: 60 | BI1: 61 | BJ1: 62 | BK1: 63 | BL1: 64 | BM1: 65 | BN1: 66 | BO1: 67 | BP1: 68 | BQ1: 69 | BR1: 70 | BS1: 71 | BT1: 72 | BU1: 73 | BV1: 74 | BW1: 75 | BX1: 76 | BY1: 77 | BZ1: 78 | CA1: 79 | CB1: 80 | CC1: 81 | CD1: 82 | CE1: 83 | CF1: 84 | CG1: 85 | CH1: 86 | CI1: 87 | CJ1: 88 | CK1: 89 | CL1: 90 | CM1: 91 | CN1: 92 | CO1: 93 | CP1: 94 | CQ1: 95 | CR1: 96 | CS1: 97 | CT1: 98 | CU1: 99 | CV1: 100 | CW1: 101 | CX1: 102 | CY1: 103 | CZ1: 104 | DA1: 105 | DB1: 106 | DC1: 107 | DD1: 108 | DE1: 109 | DF1: 110 | DG1: 111 | DH1: 112 | DI1: 113 | DJ1: 114 | DK1: 115 | DL1: 116 | DM1: 117 | DN1: 118 | DO1: 119 | DP1: 120 | DQ1: 121 | DR1: 122 | DS1: 123 | DT1: 124 | DU1: 125 | DV1: 126 | DW1: 127 | DX1: 128 | DY1: 129 | DZ1: 130 | EA1: 131 | EB1: 132 | EC1: 133 | ED1: 134 | EE1: 135 | EF1: 136 | EG1: 137 | EH1: 138 | EI1: 139 | EJ1: 140
J2: 1 | K2: ='1ST TERM Db'!K2:L2 -> General Mathematics | P2: 2 | Q2: ='1ST TERM Db'!N2 -> English Language | V2: 3 | W2: ='1ST TERM Db'!Q2 -> Civic Education | AB2: 4 | AC2: ='1ST TERM Db'!T2 -> Chemistry | AH2: 5 | AI2: ='1ST TERM Db'!W2 -> Biology | AN2: 6 | AO2: ='1ST TERM Db'!Z2 -> Physics | AT2: 7 | AU2: ='1ST TERM Db'!AC2 -> Financial Accounting | AZ2: 8 | BA2: ='1ST TERM Db'!AF2 -> Commerce | BF2: 9 | BG2: ='1ST TERM Db'!AI2 -> Economics | BL2: 10 | BM2: ='1ST TERM Db'!AL2 -> Government | BR2: 11 | BS2: ='1ST TERM Db'!AO2 -> Literature in English | BX2: 12 | BY2: ='1ST TERM Db'!AR2 -> CRS | CD2: 13 | CE2: ='1ST TERM Db'!AU2 -> IRS | CJ2: 14 | CK2: ='1ST TERM Db'!AX2 -> Geography | CP2: 15 | CQ2: ='1ST TERM Db'!BA2 -> Further Mathematics | CV2: 16 | CW2: ='1ST TERM Db'!BD2 -> Agricultural Science | DB2: 17 | DC2: ='1ST TERM Db'!BG2 -> Yoruba | DH2: 18 | DI2: ='1ST TERM Db'!BJ2 -> Data Processing | DP2: AFFECTIVE DOMAIN | DZ2: PSYCHOMOTOR DOMAIN
A3: S/N | B3: Name | C3: Admission Number | D3: Gender | E3: Class | F3: NO OF STUDENTS IN CLASS | G3: NO OF TIMES SCHOOL OPENED | H3: NO OF TIMES PRESENT | I3: NO OF TIMES ABSENT | J3: 3RD TERM C.A. (30%) | K3: 3RD TERM EXAM (70%) | L3: 3RD TERM TOTAL (100%) | M3: 2ND TERM TOTAL (100%) | N3: 1ST TERM TOTAL (100%) | O3: AVERAGE SCORE | P3: 3RD TERM C.A. (30%) | Q3: 3RD TERM EXAM (70%) | R3: 3RD TERM TOTAL (100%) | S3: 2ND TERM TOTAL (100%) | T3: 1ST TERM TOTAL (100%) | U3: AVERAGE SCORE | V3: 3RD TERM C.A. (30%) | W3: 3RD TERM EXAM (70%) | X3: 3RD TERM TOTAL (100%) | Y3: 2ND TERM TOTAL (100%) | Z3: 1ST TERM TOTAL (100%) | AA3: AVERAGE SCORE | AB3: 3RD TERM C.A. (30%) | AC3: 3RD TERM EXAM (70%) | AD3: 3RD TERM TOTAL (100%) | AE3: 2ND TERM TOTAL (100%) | AF3: 1ST TERM TOTAL (100%) | AG3: AVERAGE SCORE | AH3: 3RD TERM C.A. (30%) | AI3: 3RD TERM EXAM (70%) | AJ3: 3RD TERM TOTAL (100%) | AK3: 2ND TERM TOTAL (100%) | AL3: 1ST TERM TOTAL (100%) | AM3: AVERAGE SCORE | AN3: 3RD TERM C.A. (30%) | AO3: 3RD TERM EXAM (70%) | AP3: 3RD TERM TOTAL (100%) | AQ3: 2ND TERM TOTAL (100%) | AR3: 1ST TERM TOTAL (100%) | AS3: AVERAGE SCORE | AT3: 3RD TERM C.A. (30%) | AU3: 3RD TERM EXAM (70%) | AV3: 3RD TERM TOTAL (100%) | AW3: 2ND TERM TOTAL (100%) | AX3: 1ST TERM TOTAL (100%) | AY3: AVERAGE SCORE | AZ3: 3RD TERM C.A. (30%) | BA3: 3RD TERM EXAM (70%) | BB3: 3RD TERM TOTAL (100%) | BC3: 2ND TERM TOTAL (100%) | BD3: 1ST TERM TOTAL (100%) | BE3: AVERAGE SCORE | BF3: 3RD TERM C.A. (30%) | BG3: 3RD TERM EXAM (70%) | BH3: 3RD TERM TOTAL (100%) | BI3: 2ND TERM TOTAL (100%) | BJ3: 1ST TERM TOTAL (100%) | BK3: AVERAGE SCORE | BL3: 3RD TERM C.A. (30%) | BM3: 3RD TERM EXAM (70%) | BN3: 3RD TERM TOTAL (100%) | BO3: 2ND TERM TOTAL (100%) | BP3: 1ST TERM TOTAL (100%) | BQ3: AVERAGE SCORE | BR3: 3RD TERM C.A. (30%) | BS3: 3RD TERM EXAM (70%) | BT3: 3RD TERM TOTAL (100%) | BU3: 2ND TERM TOTAL (100%) | BV3: 1ST TERM TOTAL (100%) | BW3: AVERAGE SCORE | BX3: 3RD TERM C.A. (30%) | BY3: 3RD TERM EXAM (70%) | BZ3: 3RD TERM TOTAL (100%) | CA3: 2ND TERM TOTAL (100%) | CB3: 1ST TERM TOTAL (100%) | CC3: AVERAGE SCORE | CD3: 3RD TERM C.A. (30%) | CE3: 3RD TERM EXAM (70%) | CF3: 3RD TERM TOTAL (100%) | CG3: 2ND TERM TOTAL (100%) | CH3: 1ST TERM TOTAL (100%) | CI3: AVERAGE SCORE | CJ3: 3RD TERM C.A. (30%) | CK3: 3RD TERM EXAM (70%) | CL3: 3RD TERM TOTAL (100%) | CM3: 2ND TERM TOTAL (100%) | CN3: 1ST TERM TOTAL (100%) | CO3: AVERAGE SCORE | CP3: 3RD TERM C.A. (30%) | CQ3: 3RD TERM EXAM (70%) | CR3: 3RD TERM TOTAL (100%) | CS3: 2ND TERM TOTAL (100%) | CT3: 1ST TERM TOTAL (100%) | CU3: AVERAGE SCORE | CV3: 3RD TERM C.A. (30%) | CW3: 3RD TERM EXAM (70%) | CX3: 3RD TERM TOTAL (100%) | CY3: 2ND TERM TOTAL (100%) | CZ3: 1ST TERM TOTAL (100%) | DA3: AVERAGE SCORE | DB3: 3RD TERM C.A. (30%) | DC3: 3RD TERM EXAM (70%) | DD3: 3RD TERM TOTAL (100%) | DE3: 2ND TERM TOTAL (100%) | DF3: 1ST TERM TOTAL (100%) | DG3: AVERAGE SCORE | DH3: 3RD TERM C.A. (30%) | DI3: 3RD TERM EXAM (70%) | DJ3: 3RD TERM TOTAL (100%) | DK3: 2ND TERM TOTAL (100%) | DL3: 1ST TERM TOTAL (100%) | DM3: AVERAGE SCORE | DN3: TOTAL SCORE | DO3: POSITION | DP3: PUNCTUALITY | DQ3: NEATNESS | DR3: ATTENTIVENESS | DS3: RELATIONSHIP WITH OTHERS | DT3: POLITENESS | DU3: RESPONSIVENESS | DV3: COMMITMENT | DW3: CONSISTENCY | DX3: ACADEMIC SESSION | DY3: TERM | DZ3: CRAFTS/ DRAWING & PAINTING | EA3: TECHNICAL SKILLS | EB3: ICT SKILLS | EC3: GARDENING/ FARMING SKILLS | ED3: GAMES & SPORTS | EE3: CREATIVITY & INITIATIVE | EF3: VERBAL FLUENCY | EG3: CLASS TUTORS COMMENT | EH3: PRINCIPAL'S COMMENT | EI3: TUTOR'S NAME | EJ3: NEXT TERM BEGINS
A4: 1 | B4: ='1ST TERM Db'!B4 -> ADEBAYO JAMAL | C4: ='1ST TERM Db'!C4 -> 2806 | D4: ='1ST TERM Db'!D4 -> MALE | E4: ='1ST TERM Db'!E4 -> SSS3C | F4: 40 | G4: 224 | H4: 212 | I4: =G4-H4 -> 12 | J4: 23 | K4: 69 | L4: =SUM(J4:K4) -> 92 | M4: ='2ND TERM Db '!L4 -> 92 | N4: ='1ST TERM Db'!L4 -> 0 | O4: =IF(AND(L4=0,M4=0,N4=0),0,IF(AND(L4=0,M4=0),N4/1,IF(AND(L4=0,N4=0),M4/1,IF(AND(M4=0,N4=0),L4/1,IF(L4=0,FLOOR((M4+N4)/2,0.1),IF(M4=0,(L4+N4)/2,IF(N4=0,(M4+L4)/2,FLOOR(((L4+M4+N4)/3),0.1)))))))) -> 92 | P4: 16 | Q4: 56 | R4: =SUM(P4:Q4) -> 72 | S4: ='2ND TERM Db '!O4 -> 93 | T4: ='1ST TERM Db'!O4 -> 0 | U4: =IF(AND(R4=0,S4=0,T4=0),0,IF(AND(R4=0,S4=0),T4/1,IF(AND(R4=0,T4=0),S4/1,IF(AND(S4=0,T4=0),R4/1,IF(R4=0,FLOOR((S4+T4)/2,0.1),IF(S4=0,(R4+T4)/2,IF(T4=0,(S4+R4)/2,FLOOR(((R4+S4+T4)/3),0.1)))))))) -> 82.5 | V4: 23 | W4: 70 | X4: =SUM(V4:W4) -> 93 | Y4: ='2ND TERM Db '!R4 -> 100 | Z4: ='1ST TERM Db'!R4 -> 0 | AA4: =IF(AND(X4=0,Y4=0,Z4=0),0,IF(AND(X4=0,Y4=0),Z4/1,IF(AND(X4=0,Z4=0),Y4/1,IF(AND(Y4=0,Z4=0),X4/1,IF(X4=0,FLOOR((Y4+Z4)/2,0.1),IF(Y4=0,(X4+Z4)/2,IF(Z4=0,(Y4+X4)/2,FLOOR(((X4+Y4+Z4)/3),0.1)))))))) -> 96.5 | AB4: 27 | AC4: 62 | AD4: =SUM(AB4:AC4) -> 89 | AE4: ='2ND TERM Db '!U4 -> 95 | AF4: ='1ST TERM Db'!U4 -> 0 | AG4: =IF(AND(AD4=0,AE4=0,AF4=0),0,IF(AND(AD4=0,AE4=0),AF4/1,IF(AND(AD4=0,AF4=0),AE4/1,IF(AND(AE4=0,AF4=0),AD4/1,IF(AD4=0,FLOOR((AE4+AF4)/2,0.1),IF(AE4=0,(AD4+AF4)/2,IF(AF4=0,(AE4+AD4)/2,FLOOR(((AD4+AE4+AF4)/3),0.1)))))))) -> 92 | AH4: 20 | AI4: 46 | AJ4: =SUM(AH4:AI4) -> 66 | AK4: ='2ND TERM Db '!X4 -> 75 | AL4: ='1ST TERM Db'!X4 -> 0 | AM4: =IF(AND(AJ4=0,AK4=0,AL4=0),0,IF(AND(AJ4=0,AK4=0),AL4/1,IF(AND(AJ4=0,AL4=0),AK4/1,IF(AND(AK4=0,AL4=0),AJ4/1,IF(AJ4=0,FLOOR((AK4+AL4)/2,0.1),IF(AK4=0,(AJ4+AL4)/2,IF(AL4=0,(AK4+AJ4)/2,FLOOR(((AJ4+AK4+AL4)/3),0.1)))))))) -> 70.5 | AP4: =SUM(AN4:AO4) -> 0 | AQ4: ='2ND TERM Db '!AA4 -> 84 | AR4: ='1ST TERM Db'!AA4 -> 0 | AS4: =IF(AND(AP4=0,AQ4=0,AR4=0),0,IF(AND(AP4=0,AQ4=0),AR4/1,IF(AND(AP4=0,AR4=0),AQ4/1,IF(AND(AQ4=0,AR4=0),AP4/1,IF(AP4=0,FLOOR((AQ4+AR4)/2,0.1),IF(AQ4=0,(AP4+AR4)/2,IF(AR4=0,(AQ4+AP4)/2,FLOOR(((AP4+AQ4+AR4)/3),0.1)))))))) -> 84 | AT4: 12 | AU4: 34 | AV4: =SUM(AT4:AU4) -> 46 | AW4: ='2ND TERM Db '!AD4 -> 74 | AX4: ='1ST TERM Db'!AD4 -> 0 | AY4: =IF(AND(AV4=0,AW4=0,AX4=0),0,IF(AND(AV4=0,AW4=0),AX4/1,IF(AND(AV4=0,AX4=0),AW4/1,IF(AND(AW4=0,AX4=0),AV4/1,IF(AV4=0,FLOOR((AW4+AX4)/2,0.1),IF(AW4=0,(AV4+AX4)/2,IF(AX4=0,(AW4+AV4)/2,FLOOR(((AV4+AW4+AX4)/3),0.1)))))))) -> 60 | AZ4: 20 | BA4: 34 | BB4: =SUM(AZ4:BA4) -> 54 | BC4: ='2ND TERM Db '!AG4 -> 89 | BD4: ='1ST TERM Db'!AG4 -> 0 | BE4: =IF(AND(BB4=0,BC4=0,BD4=0),0,IF(AND(BB4=0,BC4=0),BD4/1,IF(AND(BB4=0,BD4=0),BC4/1,IF(AND(BC4=0,BD4=0),BB4/1,IF(BB4=0,FLOOR((BC4+BD4)/2,0.1),IF(BC4=0,(BB4+BD4)/2,IF(BD4=0,(BC4+BB4)/2,FLOOR(((BB4+BC4+BD4)/3),0.1)))))))) -> 71.5 | BF4: 11 | BG4: 23 | BH4: =SUM(BF4:BG4) -> 34 | BI4: ='2ND TERM Db '!AJ4 -> 35 | BJ4: ='1ST TERM Db'!AJ4 -> 43 | BK4: =IF(AND(BH4=0,BI4=0,BJ4=0),0,IF(AND(BH4=0,BI4=0),BJ4/1,IF(AND(BH4=0,BJ4=0),BI4/1,IF(AND(BI4=0,BJ4=0),BH4/1,IF(BH4=0,FLOOR((BI4+BJ4)/2,0.1),IF(BI4=0,(BH4+BJ4)/2,IF(BJ4=0,(BI4+BH4)/2,FLOOR(((BH4+BI4+BJ4)/3),0.1)))))))) -> 37.3 | BL4: 23 | BM4: 60 | BN4: =SUM(BL4:BM4) -> 83 | BO4: ='2ND TERM Db '!AM4 -> 90 | BP4: ='1ST TERM Db'!AM4 -> 0 | BQ4: =IF(AND(BN4=0,BO4=0,BP4=0),0,IF(AND(BN4=0,BO4=0),BP4/1,IF(AND(BN4=0,BP4=0),BO4/1,IF(AND(BO4=0,BP4=0),BN4/1,IF(BN4=0,FLOOR((BO4+BP4)/2,0.1),IF(BO4=0,(BN4+BP4)/2,IF(BP4=0,(BO4+BN4)/2,FLOOR(((BN4+BO4+BP4)/3),0.1)))))))) -> 86.5 | BR4: 12 | BS4: 23 | BT4: =SUM(BR4:BS4) -> 35 | BU4: ='2ND TERM Db '!AP4 -> 47 | BV4: ='1ST TERM Db'!AP4 -> 0 | BW4: =IF(AND(BT4=0,BU4=0,BV4=0),0,IF(AND(BT4=0,BU4=0),BV4/1,IF(AND(BT4=0,BV4=0),BU4/1,IF(AND(BU4=0,BV4=0),BT4/1,IF(BT4=0,FLOOR((BU4+BV4)/2,0.1),IF(BU4=0,(BT4+BV4)/2,IF(BV4=0,(BU4+BT4)/2,FLOOR(((BT4+BU4+BV4)/3),0.1)))))))) -> 41 | BX4: 0 | BY4: 0 | BZ4: =SUM(BX4:BY4) -> 0 | CA4: ='2ND TERM Db '!AS4 -> 0 | CB4: ='1ST TERM Db'!AS4 -> 0 | CC4: =IF(AND(BZ4=0,CA4=0,CB4=0),0,IF(AND(BZ4=0,CA4=0),CB4/1,IF(AND(BZ4=0,CB4=0),CA4/1,IF(AND(CA4=0,CB4=0),BZ4/1,IF(BZ4=0,FLOOR((CA4+CB4)/2,0.1),IF(CA4=0,(BZ4+CB4)/2,IF(CB4=0,(CA4+BZ4)/2,FLOOR(((BZ4+CA4+CB4)/3),0.1)))))))) -> 0 | CD4: 0 | CE4: 0 | CF4: =SUM(CD4:CE4) -> 0 | CG4: ='2ND TERM Db '!AV4 -> 0 | CH4: ='1ST TERM Db'!AV4 -> 0 | CI4: =IF(AND(CF4=0,CG4=0,CH4=0),0,IF(AND(CF4=0,CG4=0),CH4/1,IF(AND(CF4=0,CH4=0),CG4/1,IF(AND(CG4=0,CH4=0),CF4/1,IF(CF4=0,FLOOR((CG4+CH4)/2,0.1),IF(CG4=0,(CF4+CH4)/2,IF(CH4=0,(CG4+CF4)/2,FLOOR(((CF4+CG4+CH4)/3),0.1)))))))) -> 0 | CJ4: 0 | CK4: 0 | CL4: =SUM(CJ4:CK4) -> 0 | CM4: ='2ND TERM Db '!AY4 -> 0 | CN4: ='1ST TERM Db'!AY4 -> 0 | CO4: =IF(AND(CL4=0,CM4=0,CN4=0),0,IF(AND(CL4=0,CM4=0),CN4/1,IF(AND(CL4=0,CN4=0),CM4/1,IF(AND(CM4=0,CN4=0),CL4/1,IF(CL4=0,FLOOR((CM4+CN4)/2,0.1),IF(CM4=0,(CL4+CN4)/2,IF(CN4=0,(CM4+CL4)/2,FLOOR(((CL4+CM4+CN4)/3),0.1)))))))) -> 0 | CP4: 0 | CQ4: 0 | CR4: =SUM(CP4:CQ4) -> 0 | CS4: ='2ND TERM Db '!BB4 -> 0 | CT4: ='1ST TERM Db'!BB4 -> 0 | CU4: =IF(AND(CR4=0,CS4=0,CT4=0),0,IF(AND(CR4=0,CS4=0),CT4/1,IF(AND(CR4=0,CT4=0),CS4/1,IF(AND(CS4=0,CT4=0),CR4/1,IF(CR4=0,FLOOR((CS4+CT4)/2,0.1),IF(CS4=0,(CR4+CT4)/2,IF(CT4=0,(CS4+CR4)/2,FLOOR(((CR4+CS4+CT4)/3),0.1)))))))) -> 0 | CV4: 0 | CW4: 0 | CX4: =SUM(CV4:CW4) -> 0 | CY4: ='2ND TERM Db '!BE4 -> 0 | CZ4: ='1ST TERM Db'!BE4 -> 0 | DA4: =IF(AND(CX4=0,CY4=0,CZ4=0),0,IF(AND(CX4=0,CY4=0),CZ4/1,IF(AND(CX4=0,CZ4=0),CY4/1,IF(AND(CY4=0,CZ4=0),CX4/1,IF(CX4=0,FLOOR((CY4+CZ4)/2,0.1),IF(CY4=0,(CX4+CZ4)/2,IF(CZ4=0,(CY4+CX4)/2,FLOOR(((CX4+CY4+CZ4)/3),0.1)))))))) -> 0 | DB4: 0 | DC4: 0 | DD4: =SUM(DB4:DC4) -> 0 | DE4: ='2ND TERM Db '!BH4 -> 0 | DF4: ='1ST TERM Db'!BH4 -> 0 | DG4: =IF(AND(DD4=0,DE4=0,DF4=0),0,IF(AND(DD4=0,DE4=0),DF4/1,IF(AND(DD4=0,DF4=0),DE4/1,IF(AND(DE4=0,DF4=0),DD4/1,IF(DD4=0,FLOOR((DE4+DF4)/2,0.1),IF(DE4=0,(DD4+DF4)/2,IF(DF4=0,(DE4+DD4)/2,FLOOR(((DD4+DE4+DF4)/3),0.1)))))))) -> 0 | DH4: 0 | DI4: 0 | DJ4: =SUM(DH4:DI4) -> 0 | DK4: ='2ND TERM Db '!BK4 -> 0 | DL4: ='1ST TERM Db'!BK4 -> 0 | DM4: =IF(AND(DJ4=0,DK4=0,DL4=0),0,IF(AND(DJ4=0,DK4=0),DL4/1,IF(AND(DJ4=0,DL4=0),DK4/1,IF(AND(DK4=0,DL4=0),DJ4/1,IF(DJ4=0,FLOOR((DK4+DL4)/2,0.1),IF(DK4=0,(DJ4+DL4)/2,IF(DL4=0,(DK4+DJ4)/2,FLOOR(((DJ4+DK4+DL4)/3),0.1)))))))) -> 0 | DN4: =SUM(O4,U4,AA4,AG4,AM4,AS4,AY4,BE4,BK4,BQ4,BW4,CC4,CI4,CO4,CU4,DA4,DG4:DM4) -> 813.8 | DO4: =RANK(DN4,DN4:DN503,0) -> 1 | DP4: EXCELLENT(5) | DQ4: EXCELLENT(5) | DR4: GOOD(4) | DS4: AVERAGE(3) | DT4: GOOD(4) | DU4: GOOD(4) | DV4: GOOD(4) | DW4: EXCELLENT(5) | DX4: 2025/2026 | DY4: THIRD | DZ4: GOOD(4) | EA4: OPTIONAL | EB4: OPTIONAL | EC4: GOOD(4) | ED4: GOOD(4) | EE4: AVERAGE(3) | EF4: GOOD(4) | EG4: Add the Tutor's Comment . . . | EH4: Choose Principals comment | EI4: Mr. Akinwale Ibrahim | EJ4: Next Term Begins on Monday, 14th September, 2026.
A5: 2 | B5: ='1ST TERM Db'!B5 -> GANIYU DAMILARE | C5: ='1ST TERM Db'!C5 -> 2809 | D5: ='1ST TERM Db'!D5 -> MALE | E5: ='1ST TERM Db'!E5 -> SSS3C | F5: 40 | G5: 224 | H5: 212 | I5: =G5-H5 -> 12 | J5: 21 | K5: 45 | L5: =SUM(J5:K5) -> 66 | M5: ='2ND TERM Db '!L5 -> 66 | N5: ='1ST TERM Db'!L5 -> 0 | O5: =IF(AND(L5=0,M5=0,N5=0),0,IF(AND(L5=0,M5=0),N5/1,IF(AND(L5=0,N5=0),M5/1,IF(AND(M5=0,N5=0),L5/1,IF(L5=0,FLOOR((M5+N5)/2,0.1),IF(M5=0,(L5+N5)/2,IF(N5=0,(M5+L5)/2,FLOOR(((L5+M5+N5)/3),0.1)))))))) -> 66 | P5: 23 | Q5: 45 | R5: =SUM(P5:Q5) -> 68 | S5: ='2ND TERM Db '!O5 -> 88 | T5: ='1ST TERM Db'!O5 -> 0 | U5: =IF(AND(R5=0,S5=0,T5=0),0,IF(AND(R5=0,S5=0),T5/1,IF(AND(R5=0,T5=0),S5/1,IF(AND(S5=0,T5=0),R5/1,IF(R5=0,FLOOR((S5+T5)/2,0.1),IF(S5=0,(R5+T5)/2,IF(T5=0,(S5+R5)/2,FLOOR(((R5+S5+T5)/3),0.1)))))))) -> 78 | V5: 19 | W5: 46 | X5: =SUM(V5:W5) -> 65 | Y5: ='2ND TERM Db '!R5 -> 80 | Z5: ='1ST TERM Db'!R5 -> 0 | AA5: =IF(AND(X5=0,Y5=0,Z5=0),0,IF(AND(X5=0,Y5=0),Z5/1,IF(AND(X5=0,Z5=0),Y5/1,IF(AND(Y5=0,Z5=0),X5/1,IF(X5=0,FLOOR((Y5+Z5)/2,0.1),IF(Y5=0,(X5+Z5)/2,IF(Z5=0,(Y5+X5)/2,FLOOR(((X5+Y5+Z5)/3),0.1)))))))) -> 72.5 | AB5: 10 | AC5: 32 | AD5: =SUM(AB5:AC5) -> 42 | AE5: ='2ND TERM Db '!U5 -> 75 | AF5: ='1ST TERM Db'!U5 -> 0 | AG5: =IF(AND(AD5=0,AE5=0,AF5=0),0,IF(AND(AD5=0,AE5=0),AF5/1,IF(AND(AD5=0,AF5=0),AE5/1,IF(AND(AE5=0,AF5=0),AD5/1,IF(AD5=0,FLOOR((AE5+AF5)/2,0.1),IF(AE5=0,(AD5+AF5)/2,IF(AF5=0,(AE5+AD5)/2,FLOOR(((AD5+AE5+AF5)/3),0.1)))))))) -> 58.5 | AH5: 23 | AI5: 24 | AJ5: =SUM(AH5:AI5) -> 47 | AK5: ='2ND TERM Db '!X5 -> 66 | AL5: ='1ST TERM Db'!X5 -> 0 | AM5: =IF(AND(AJ5=0,AK5=0,AL5=0),0,IF(AND(AJ5=0,AK5=0),AL5/1,IF(AND(AJ5=0,AL5=0),AK5/1,IF(AND(AK5=0,AL5=0),AJ5/1,IF(AJ5=0,FLOOR((AK5+AL5)/2,0.1),IF(AK5=0,(AJ5+AL5)/2,IF(AL5=0,(AK5+AJ5)/2,FLOOR(((AJ5+AK5+AL5)/3),0.1)))))))) -> 56.5 | AN5: 16 | AO5: 40 | AP5: =SUM(AN5:AO5) -> 56 | AQ5: ='2ND TERM Db '!AA5 -> 72 | AR5: ='1ST TERM Db'!AA5 -> 0 | AS5: =IF(AND(AP5=0,AQ5=0,AR5=0),0,IF(AND(AP5=0,AQ5=0),AR5/1,IF(AND(AP5=0,AR5=0),AQ5/1,IF(AND(AQ5=0,AR5=0),AP5/1,IF(AP5=0,FLOOR((AQ5+AR5)/2,0.1),IF(AQ5=0,(AP5+AR5)/2,IF(AR5=0,(AQ5+AP5)/2,FLOOR(((AP5+AQ5+AR5)/3),0.1)))))))) -> 64 | AT5: 21 | AU5: 45 | AV5: =SUM(AT5:AU5) -> 66 | AW5: ='2ND TERM Db '!AD5 -> 84 | AX5: ='1ST TERM Db'!AD5 -> 0 | AY5: =IF(AND(AV5=0,AW5=0,AX5=0),0,IF(AND(AV5=0,AW5=0),AX5/1,IF(AND(AV5=0,AX5=0),AW5/1,IF(AND(AW5=0,AX5=0),AV5/1,IF(AV5=0,FLOOR((AW5+AX5)/2,0.1),IF(AW5=0,(AV5+AX5)/2,IF(AX5=0,(AW5+AV5)/2,FLOOR(((AV5+AW5+AX5)/3),0.1)))))))) -> 75 | AZ5: 24 | BA5: 39 | BB5: =SUM(AZ5:BA5) -> 63 | BC5: ='2ND TERM Db '!AG5 -> 78 | BD5: ='1ST TERM Db'!AG5 -> 0 | BE5: =IF(AND(BB5=0,BC5=0,BD5=0),0,IF(AND(BB5=0,BC5=0),BD5/1,IF(AND(BB5=0,BD5=0),BC5/1,IF(AND(BC5=0,BD5=0),BB5/1,IF(BB5=0,FLOOR((BC5+BD5)/2,0.1),IF(BC5=0,(BB5+BD5)/2,IF(BD5=0,(BC5+BB5)/2,FLOOR(((BB5+BC5+BD5)/3),0.1)))))))) -> 70.5 | BF5: 20 | BG5: 40 | BH5: =SUM(BF5:BG5) -> 60 | BI5: ='2ND TERM Db '!AJ5 -> 79 | BJ5: ='1ST TERM Db'!AJ5 -> 41 | BK5: =IF(AND(BH5=0,BI5=0,BJ5=0),0,IF(AND(BH5=0,BI5=0),BJ5/1,IF(AND(BH5=0,BJ5=0),BI5/1,IF(AND(BI5=0,BJ5=0),BH5/1,IF(BH5=0,FLOOR((BI5+BJ5)/2,0.1),IF(BI5=0,(BH5+BJ5)/2,IF(BJ5=0,(BI5+BH5)/2,FLOOR(((BH5+BI5+BJ5)/3),0.1)))))))) -> 60 | BN5: =SUM(BL5:BM5) -> 0 | BO5: ='2ND TERM Db '!AM5 -> 0 | BP5: ='1ST TERM Db'!AM5 -> 0 | BQ5: =IF(AND(BN5=0,BO5=0,BP5=0),0,IF(AND(BN5=0,BO5=0),BP5/1,IF(AND(BN5=0,BP5=0),BO5/1,IF(AND(BO5=0,BP5=0),BN5/1,IF(BN5=0,FLOOR((BO5+BP5)/2,0.1),IF(BO5=0,(BN5+BP5)/2,IF(BP5=0,(BO5+BN5)/2,FLOOR(((BN5+BO5+BP5)/3),0.1)))))))) -> 0 | BT5: =SUM(BR5:BS5) -> 0 | BU5: ='2ND TERM Db '!AP5 -> 0 | BV5: ='1ST TERM Db'!AP5 -> 0 | BW5: =IF(AND(BT5=0,BU5=0,BV5=0),0,IF(AND(BT5=0,BU5=0),BV5/1,IF(AND(BT5=0,BV5=0),BU5/1,IF(AND(BU5=0,BV5=0),BT5/1,IF(BT5=0,FLOOR((BU5+BV5)/2,0.1),IF(BU5=0,(BT5+BV5)/2,IF(BV5=0,(BU5+BT5)/2,FLOOR(((BT5+BU5+BV5)/3),0.1)))))))) -> 0 | BX5: 0 | BY5: 0 | BZ5: =SUM(BX5:BY5) -> 0 | CA5: ='2ND TERM Db '!AS5 -> 0 | CB5: ='1ST TERM Db'!AS5 -> 0 | CC5: =IF(AND(BZ5=0,CA5=0,CB5=0),0,IF(AND(BZ5=0,CA5=0),CB5/1,IF(AND(BZ5=0,CB5=0),CA5/1,IF(AND(CA5=0,CB5=0),BZ5/1,IF(BZ5=0,FLOOR((CA5+CB5)/2,0.1),IF(CA5=0,(BZ5+CB5)/2,IF(CB5=0,(CA5+BZ5)/2,FLOOR(((BZ5+CA5+CB5)/3),0.1)))))))) -> 0 | CD5: 0 | CE5: 0 | CF5: =SUM(CD5:CE5) -> 0 | CG5: ='2ND TERM Db '!AV5 -> 0 | CH5: ='1ST TERM Db'!AV5 -> 0 | CI5: =IF(AND(CF5=0,CG5=0,CH5=0),0,IF(AND(CF5=0,CG5=0),CH5/1,IF(AND(CF5=0,CH5=0),CG5/1,IF(AND(CG5=0,CH5=0),CF5/1,IF(CF5=0,FLOOR((CG5+CH5)/2,0.1),IF(CG5=0,(CF5+CH5)/2,IF(CH5=0,(CG5+CF5)/2,FLOOR(((CF5+CG5+CH5)/3),0.1)))))))) -> 0 | CJ5: 0 | CK5: 0 | CL5: =SUM(CJ5:CK5) -> 0 | CM5: ='2ND TERM Db '!AY5 -> 0 | CN5: ='1ST TERM Db'!AY5 -> 0 | CO5: =IF(AND(CL5=0,CM5=0,CN5=0),0,IF(AND(CL5=0,CM5=0),CN5/1,IF(AND(CL5=0,CN5=0),CM5/1,IF(AND(CM5=0,CN5=0),CL5/1,IF(CL5=0,FLOOR((CM5+CN5)/2,0.1),IF(CM5=0,(CL5+CN5)/2,IF(CN5=0,(CM5+CL5)/2,FLOOR(((CL5+CM5+CN5)/3),0.1)))))))) -> 0 | CP5: 0 | CQ5: 0 | CR5: =SUM(CP5:CQ5) -> 0 | CS5: ='2ND TERM Db '!BB5 -> 0 | CT5: ='1ST TERM Db'!BB5 -> 0 | CU5: =IF(AND(CR5=0,CS5=0,CT5=0),0,IF(AND(CR5=0,CS5=0),CT5/1,IF(AND(CR5=0,CT5=0),CS5/1,IF(AND(CS5=0,CT5=0),CR5/1,IF(CR5=0,FLOOR((CS5+CT5)/2,0.1),IF(CS5=0,(CR5+CT5)/2,IF(CT5=0,(CS5+CR5)/2,FLOOR(((CR5+CS5+CT5)/3),0.1)))))))) -> 0 | CV5: 0 | CW5: 0 | CX5: =SUM(CV5:CW5) -> 0 | CY5: ='2ND TERM Db '!BE5 -> 0 | CZ5: ='1ST TERM Db'!BE5 -> 0 | DA5: =IF(AND(CX5=0,CY5=0,CZ5=0),0,IF(AND(CX5=0,CY5=0),CZ5/1,IF(AND(CX5=0,CZ5=0),CY5/1,IF(AND(CY5=0,CZ5=0),CX5/1,IF(CX5=0,FLOOR((CY5+CZ5)/2,0.1),IF(CY5=0,(CX5+CZ5)/2,IF(CZ5=0,(CY5+CX5)/2,FLOOR(((CX5+CY5+CZ5)/3),0.1)))))))) -> 0 | DB5: 0 | DC5: 0 | DD5: =SUM(DB5:DC5) -> 0 | DE5: ='2ND TERM Db '!BH5 -> 0 | DF5: ='1ST TERM Db'!BH5 -> 0 | DG5: =IF(AND(DD5=0,DE5=0,DF5=0),0,IF(AND(DD5=0,DE5=0),DF5/1,IF(AND(DD5=0,DF5=0),DE5/1,IF(AND(DE5=0,DF5=0),DD5/1,IF(DD5=0,FLOOR((DE5+DF5)/2,0.1),IF(DE5=0,(DD5+DF5)/2,IF(DF5=0,(DE5+DD5)/2,FLOOR(((DD5+DE5+DF5)/3),0.1)))))))) -> 0 | DH5: 0 | DI5: 0 | DJ5: =SUM(DH5:DI5) -> 0 | DK5: ='2ND TERM Db '!BK5 -> 0 | DL5: ='1ST TERM Db'!BK5 -> 0 | DM5: =IF(AND(DJ5=0,DK5=0,DL5=0),0,IF(AND(DJ5=0,DK5=0),DL5/1,IF(AND(DJ5=0,DL5=0),DK5/1,IF(AND(DK5=0,DL5=0),DJ5/1,IF(DJ5=0,FLOOR((DK5+DL5)/2,0.1),IF(DK5=0,(DJ5+DL5)/2,IF(DL5=0,(DK5+DJ5)/2,FLOOR(((DJ5+DK5+DL5)/3),0.1)))))))) -> 0 | DN5: =SUM(O5,U5,AA5,AG5,AM5,AS5,AY5,BE5,BK5,BQ5,BW5,CC5,CI5,CO5,CU5,DA5,DG5,DM5) -> 601 | DO5: =RANK(DN5,DN$4:DN$503) -> 2 | DP5: GOOD(4) | DQ5: EXCELLENT(5) | DR5: GOOD(4) | DS5: GOOD(4) | DT5: GOOD(4) | DU5: GOOD(4) | DV5: GOOD(4) | DW5: GOOD(4) | DX5: 2025/2026 | DY5: THIRD | DZ5: OPTIONAL | EA5: GOOD(4) | EB5: GOOD(4) | EC5: AVERAGE(3) | ED5: GOOD(4) | EE5: GOOD(4) | EF5: GOOD(4) | EG5: Add the Tutor's Comment . . . | EH5: Choose Principals comment | EI5: Mr. Akinwale Ibrahim | EJ5: Next Term Begins on Monday, 14th September, 2026.
A6: 3 | B6: ='1ST TERM Db'!B6 -> ISHOLA ROKEEB | C6: ='1ST TERM Db'!C6 -> 2360 | D6: ='1ST TERM Db'!D6 -> MALE | E6: ='1ST TERM Db'!E6 -> SSS3C | I6: =G6-H6 -> 0 | L6: =SUM(J6:K6) -> 0 | M6: ='2ND TERM Db '!L6 -> 0 | N6: ='1ST TERM Db'!L6 -> 0 | O6: =IF(AND(L6=0,M6=0,N6=0),0,IF(AND(L6=0,M6=0),N6/1,IF(AND(L6=0,N6=0),M6/1,IF(AND(M6=0,N6=0),L6/1,IF(L6=0,FLOOR((M6+N6)/2,0.1),IF(M6=0,(L6+N6)/2,IF(N6=0,(M6+L6)/2,FLOOR(((L6+M6+N6)/3),0.1)))))))) -> 0 | R6: =SUM(P6:Q6) -> 0 | S6: ='2ND TERM Db '!O6 -> 0 | T6: ='1ST TERM Db'!O6 -> 0 | U6: =IF(AND(R6=0,S6=0,T6=0),0,IF(AND(R6=0,S6=0),T6/1,IF(AND(R6=0,T6=0),S6/1,IF(AND(S6=0,T6=0),R6/1,IF(R6=0,FLOOR((S6+T6)/2,0.1),IF(S6=0,(R6+T6)/2,IF(T6=0,(S6+R6)/2,FLOOR(((R6+S6+T6)/3),0.1)))))))) -> 0 | X6: =SUM(V6:W6) -> 0 | Y6: ='2ND TERM Db '!R6 -> 0 | Z6: ='1ST TERM Db'!R6 -> 0 | AA6: =IF(AND(X6=0,Y6=0,Z6=0),0,IF(AND(X6=0,Y6=0),Z6/1,IF(AND(X6=0,Z6=0),Y6/1,IF(AND(Y6=0,Z6=0),X6/1,IF(X6=0,FLOOR((Y6+Z6)/2,0.1),IF(Y6=0,(X6+Z6)/2,IF(Z6=0,(Y6+X6)/2,FLOOR(((X6+Y6+Z6)/3),0.1)))))))) -> 0 | AD6: =SUM(AB6:AC6) -> 0 | AE6: ='2ND TERM Db '!U6 -> 0 | AF6: ='1ST TERM Db'!U6 -> 0 | AG6: =IF(AND(AD6=0,AE6=0,AF6=0),0,IF(AND(AD6=0,AE6=0),AF6/1,IF(AND(AD6=0,AF6=0),AE6/1,IF(AND(AE6=0,AF6=0),AD6/1,IF(AD6=0,FLOOR((AE6+AF6)/2,0.1),IF(AE6=0,(AD6+AF6)/2,IF(AF6=0,(AE6+AD6)/2,FLOOR(((AD6+AE6+AF6)/3),0.1)))))))) -> 0 | AJ6: =SUM(AH6:AI6) -> 0 | AK6: ='2ND TERM Db '!X6 -> 0 | AL6: ='1ST TERM Db'!X6 -> 0 | AM6: =IF(AND(AJ6=0,AK6=0,AL6=0),0,IF(AND(AJ6=0,AK6=0),AL6/1,IF(AND(AJ6=0,AL6=0),AK6/1,IF(AND(AK6=0,AL6=0),AJ6/1,IF(AJ6=0,FLOOR((AK6+AL6)/2,0.1),IF(AK6=0,(AJ6+AL6)/2,IF(AL6=0,(AK6+AJ6)/2,FLOOR(((AJ6+AK6+AL6)/3),0.1)))))))) -> 0 | AP6: =SUM(AN6:AO6) -> 0 | AQ6: ='2ND TERM Db '!AA6 -> 0 | AR6: ='1ST TERM Db'!AA6 -> 0 | AS6: =IF(AND(AP6=0,AQ6=0,AR6=0),0,IF(AND(AP6=0,AQ6=0),AR6/1,IF(AND(AP6=0,AR6=0),AQ6/1,IF(AND(AQ6=0,AR6=0),AP6/1,IF(AP6=0,FLOOR((AQ6+AR6)/2,0.1),IF(AQ6=0,(AP6+AR6)/2,IF(AR6=0,(AQ6+AP6)/2,FLOOR(((AP6+AQ6+AR6)/3),0.1)))))))) -> 0 | AV6: =SUM(AT6:AU6) -> 0 | AW6: ='2ND TERM Db '!AD6 -> 0 | AX6: ='1ST TERM Db'!AD6 -> 0 | AY6: =IF(AND(AV6=0,AW6=0,AX6=0),0,IF(AND(AV6=0,AW6=0),AX6/1,IF(AND(AV6=0,AX6=0),AW6/1,IF(AND(AW6=0,AX6=0),AV6/1,IF(AV6=0,FLOOR((AW6+AX6)/2,0.1),IF(AW6=0,(AV6+AX6)/2,IF(AX6=0,(AW6+AV6)/2,FLOOR(((AV6+AW6+AX6)/3),0.1)))))))) -> 0 | BB6: =SUM(AZ6:BA6) -> 0 | BC6: ='2ND TERM Db '!AG6 -> 0 | BD6: ='1ST TERM Db'!AG6 -> 0 | BE6: =IF(AND(BB6=0,BC6=0,BD6=0),0,IF(AND(BB6=0,BC6=0),BD6/1,IF(AND(BB6=0,BD6=0),BC6/1,IF(AND(BC6=0,BD6=0),BB6/1,IF(BB6=0,FLOOR((BC6+BD6)/2,0.1),IF(BC6=0,(BB6+BD6)/2,IF(BD6=0,(BC6+BB6)/2,FLOOR(((BB6+BC6+BD6)/3),0.1)))))))) -> 0 | BH6: =SUM(BF6:BG6) -> 0 | BI6: ='2ND TERM Db '!AJ6 -> 0 | BJ6: ='1ST TERM Db'!AJ6 -> 0 | BK6: =IF(AND(BH6=0,BI6=0,BJ6=0),0,IF(AND(BH6=0,BI6=0),BJ6/1,IF(AND(BH6=0,BJ6=0),BI6/1,IF(AND(BI6=0,BJ6=0),BH6/1,IF(BH6=0,FLOOR((BI6+BJ6)/2,0.1),IF(BI6=0,(BH6+BJ6)/2,IF(BJ6=0,(BI6+BH6)/2,FLOOR(((BH6+BI6+BJ6)/3),0.1)))))))) -> 0 | BN6: =SUM(BL6:BM6) -> 0 | BO6: ='2ND TERM Db '!AM6 -> 0 | BP6: ='1ST TERM Db'!AM6 -> 0 | BQ6: =IF(AND(BN6=0,BO6=0,BP6=0),0,IF(AND(BN6=0,BO6=0),BP6/1,IF(AND(BN6=0,BP6=0),BO6/1,IF(AND(BO6=0,BP6=0),BN6/1,IF(BN6=0,FLOOR((BO6+BP6)/2,0.1),IF(BO6=0,(BN6+BP6)/2,IF(BP6=0,(BO6+BN6)/2,FLOOR(((BN6+BO6+BP6)/3),0.1)))))))) -> 0 | BT6: =SUM(BR6:BS6) -> 0 | BU6: ='2ND TERM Db '!AP6 -> 0 | BV6: ='1ST TERM Db'!AP6 -> 0 | BW6: =IF(AND(BT6=0,BU6=0,BV6=0),0,IF(AND(BT6=0,BU6=0),BV6/1,IF(AND(BT6=0,BV6=0),BU6/1,IF(AND(BU6=0,BV6=0),BT6/1,IF(BT6=0,FLOOR((BU6+BV6)/2,0.1),IF(BU6=0,(BT6+BV6)/2,IF(BV6=0,(BU6+BT6)/2,FLOOR(((BT6+BU6+BV6)/3),0.1)))))))) -> 0 | BZ6: =SUM(BX6:BY6) -> 0 | CA6: ='2ND TERM Db '!AS6 -> 0 | CB6: ='1ST TERM Db'!AS6 -> 0 | CC6: =IF(AND(BZ6=0,CA6=0,CB6=0),0,IF(AND(BZ6=0,CA6=0),CB6/1,IF(AND(BZ6=0,CB6=0),CA6/1,IF(AND(CA6=0,CB6=0),BZ6/1,IF(BZ6=0,FLOOR((CA6+CB6)/2,0.1),IF(CA6=0,(BZ6+CB6)/2,IF(CB6=0,(CA6+BZ6)/2,FLOOR(((BZ6+CA6+CB6)/3),0.1)))))))) -> 0 | CF6: =SUM(CD6:CE6) -> 0 | CG6: ='2ND TERM Db '!AV6 -> 0 | CH6: ='1ST TERM Db'!AV6 -> 0 | CI6: =IF(AND(CF6=0,CG6=0,CH6=0),0,IF(AND(CF6=0,CG6=0),CH6/1,IF(AND(CF6=0,CH6=0),CG6/1,IF(AND(CG6=0,CH6=0),CF6/1,IF(CF6=0,FLOOR((CG6+CH6)/2,0.1),IF(CG6=0,(CF6+CH6)/2,IF(CH6=0,(CG6+CF6)/2,FLOOR(((CF6+CG6+CH6)/3),0.1)))))))) -> 0 | CL6: =SUM(CJ6:CK6) -> 0 | CM6: ='2ND TERM Db '!AY6 -> 0 | CN6: ='1ST TERM Db'!AY6 -> 0 | CO6: =IF(AND(CL6=0,CM6=0,CN6=0),0,IF(AND(CL6=0,CM6=0),CN6/1,IF(AND(CL6=0,CN6=0),CM6/1,IF(AND(CM6=0,CN6=0),CL6/1,IF(CL6=0,FLOOR((CM6+CN6)/2,0.1),IF(CM6=0,(CL6+CN6)/2,IF(CN6=0,(CM6+CL6)/2,FLOOR(((CL6+CM6+CN6)/3),0.1)))))))) -> 0 | CR6: =SUM(CP6:CQ6) -> 0 | CS6: ='2ND TERM Db '!BB6 -> 0 | CT6: ='1ST TERM Db'!BB6 -> 0 | CU6: =IF(AND(CR6=0,CS6=0,CT6=0),0,IF(AND(CR6=0,CS6=0),CT6/1,IF(AND(CR6=0,CT6=0),CS6/1,IF(AND(CS6=0,CT6=0),CR6/1,IF(CR6=0,FLOOR((CS6+CT6)/2,0.1),IF(CS6=0,(CR6+CT6)/2,IF(CT6=0,(CS6+CR6)/2,FLOOR(((CR6+CS6+CT6)/3),0.1)))))))) -> 0 | CX6: =SUM(CV6:CW6) -> 0 | CY6: ='2ND TERM Db '!BE6 -> 0 | CZ6: ='1ST TERM Db'!BE6 -> 0 | DA6: =IF(AND(CX6=0,CY6=0,CZ6=0),0,IF(AND(CX6=0,CY6=0),CZ6/1,IF(AND(CX6=0,CZ6=0),CY6/1,IF(AND(CY6=0,CZ6=0),CX6/1,IF(CX6=0,FLOOR((CY6+CZ6)/2,0.1),IF(CY6=0,(CX6+CZ6)/2,IF(CZ6=0,(CY6+CX6)/2,FLOOR(((CX6+CY6+CZ6)/3),0.1)))))))) -> 0 | DD6: =SUM(DB6:DC6) -> 0 | DE6: ='2ND TERM Db '!BH6 -> 0 | DF6: ='1ST TERM Db'!BH6 -> 0 | DG6: =IF(AND(DD6=0,DE6=0,DF6=0),0,IF(AND(DD6=0,DE6=0),DF6/1,IF(AND(DD6=0,DF6=0),DE6/1,IF(AND(DE6=0,DF6=0),DD6/1,IF(DD6=0,FLOOR((DE6+DF6)/2,0.1),IF(DE6=0,(DD6+DF6)/2,IF(DF6=0,(DE6+DD6)/2,FLOOR(((DD6+DE6+DF6)/3),0.1)))))))) -> 0 | DJ6: =SUM(DH6:DI6) -> 0 | DK6: ='2ND TERM Db '!BK6 -> 0 | DL6: ='1ST TERM Db'!BK6 -> 0 | DM6: =IF(AND(DJ6=0,DK6=0,DL6=0),0,IF(AND(DJ6=0,DK6=0),DL6/1,IF(AND(DJ6=0,DL6=0),DK6/1,IF(AND(DK6=0,DL6=0),DJ6/1,IF(DJ6=0,FLOOR((DK6+DL6)/2,0.1),IF(DK6=0,(DJ6+DL6)/2,IF(DL6=0,(DK6+DJ6)/2,FLOOR(((DJ6+DK6+DL6)/3),0.1)))))))) -> 0 | DN6: =SUM(O6,U6,AA6,AG6,AM6,AS6,AY6,BE6,BK6,BQ6,BW6,CC6,CI6,CO6,CU6,DA6,DG6:DM6) -> 0 | DO6: =RANK(DN6,DN$4:DN$503) -> 12 | DP6: CHOOSE RATING | DQ6: CHOOSE RATING | DR6: CHOOSE RATING | DS6: CHOOSE RATING | DT6: CHOOSE RATING | DU6: CHOOSE RATING | DV6: CHOOSE RATING | DW6: CHOOSE RATING | DX6: 2025/2026 | DY6: THIRD | DZ6: CHOOSE RATING | EA6: CHOOSE RATING | EB6: CHOOSE RATING | EC6: CHOOSE RATING | ED6: CHOOSE RATING | EE6: CHOOSE RATING | EF6: CHOOSE RATING | EG6: Add the Tutor's Comment . . . | EH6: Choose Principals comment | EI6: Mr. Akinwale Ibrahim | EJ6: Next Term Begins on Monday, 14th September, 2026.
A7: 4 | B7: ='1ST TERM Db'!B7 -> ODEBUNMI OLUMIDE | C7: ='1ST TERM Db'!C7 -> 0 | D7: ='1ST TERM Db'!D7 -> MALE | E7: ='1ST TERM Db'!E7 -> SSS3C | I7: =G7-H7 -> 0 | L7: =SUM(J7:K7) -> 0 | M7: ='2ND TERM Db '!L7 -> 0 | N7: ='1ST TERM Db'!L7 -> 0 | O7: =IF(AND(L7=0,M7=0,N7=0),0,IF(AND(L7=0,M7=0),N7/1,IF(AND(L7=0,N7=0),M7/1,IF(AND(M7=0,N7=0),L7/1,IF(L7=0,FLOOR((M7+N7)/2,0.1),IF(M7=0,(L7+N7)/2,IF(N7=0,(M7+L7)/2,FLOOR(((L7+M7+N7)/3),0.1)))))))) -> 0 | R7: =SUM(P7:Q7) -> 0 | S7: ='2ND TERM Db '!O7 -> 0 | T7: ='1ST TERM Db'!O7 -> 0 | U7: =IF(AND(R7=0,S7=0,T7=0),0,IF(AND(R7=0,S7=0),T7/1,IF(AND(R7=0,T7=0),S7/1,IF(AND(S7=0,T7=0),R7/1,IF(R7=0,FLOOR((S7+T7)/2,0.1),IF(S7=0,(R7+T7)/2,IF(T7=0,(S7+R7)/2,FLOOR(((R7+S7+T7)/3),0.1)))))))) -> 0 | X7: =SUM(V7:W7) -> 0 | Y7: ='2ND TERM Db '!R7 -> 0 | Z7: ='1ST TERM Db'!R7 -> 0 | AA7: =IF(AND(X7=0,Y7=0,Z7=0),0,IF(AND(X7=0,Y7=0),Z7/1,IF(AND(X7=0,Z7=0),Y7/1,IF(AND(Y7=0,Z7=0),X7/1,IF(X7=0,FLOOR((Y7+Z7)/2,0.1),IF(Y7=0,(X7+Z7)/2,IF(Z7=0,(Y7+X7)/2,FLOOR(((X7+Y7+Z7)/3),0.1)))))))) -> 0 | AD7: =SUM(AB7:AC7) -> 0 | AE7: ='2ND TERM Db '!U7 -> 0 | AF7: ='1ST TERM Db'!U7 -> 0 | AG7: =IF(AND(AD7=0,AE7=0,AF7=0),0,IF(AND(AD7=0,AE7=0),AF7/1,IF(AND(AD7=0,AF7=0),AE7/1,IF(AND(AE7=0,AF7=0),AD7/1,IF(AD7=0,FLOOR((AE7+AF7)/2,0.1),IF(AE7=0,(AD7+AF7)/2,IF(AF7=0,(AE7+AD7)/2,FLOOR(((AD7+AE7+AF7)/3),0.1)))))))) -> 0 | AJ7: =SUM(AH7:AI7) -> 0 | AK7: ='2ND TERM Db '!X7 -> 0 | AL7: ='1ST TERM Db'!X7 -> 0 | AM7: =IF(AND(AJ7=0,AK7=0,AL7=0),0,IF(AND(AJ7=0,AK7=0),AL7/1,IF(AND(AJ7=0,AL7=0),AK7/1,IF(AND(AK7=0,AL7=0),AJ7/1,IF(AJ7=0,FLOOR((AK7+AL7)/2,0.1),IF(AK7=0,(AJ7+AL7)/2,IF(AL7=0,(AK7+AJ7)/2,FLOOR(((AJ7+AK7+AL7)/3),0.1)))))))) -> 0 | AP7: =SUM(AN7:AO7) -> 0 | AQ7: ='2ND TERM Db '!AA7 -> 0 | AR7: ='1ST TERM Db'!AA7 -> 0 | AS7: =IF(AND(AP7=0,AQ7=0,AR7=0),0,IF(AND(AP7=0,AQ7=0),AR7/1,IF(AND(AP7=0,AR7=0),AQ7/1,IF(AND(AQ7=0,AR7=0),AP7/1,IF(AP7=0,FLOOR((AQ7+AR7)/2,0.1),IF(AQ7=0,(AP7+AR7)/2,IF(AR7=0,(AQ7+AP7)/2,FLOOR(((AP7+AQ7+AR7)/3),0.1)))))))) -> 0 | AV7: =SUM(AT7:AU7) -> 0 | AW7: ='2ND TERM Db '!AD7 -> 0 | AX7: ='1ST TERM Db'!AD7 -> 0 | AY7: =IF(AND(AV7=0,AW7=0,AX7=0),0,IF(AND(AV7=0,AW7=0),AX7/1,IF(AND(AV7=0,AX7=0),AW7/1,IF(AND(AW7=0,AX7=0),AV7/1,IF(AV7=0,FLOOR((AW7+AX7)/2,0.1),IF(AW7=0,(AV7+AX7)/2,IF(AX7=0,(AW7+AV7)/2,FLOOR(((AV7+AW7+AX7)/3),0.1)))))))) -> 0 | BB7: =SUM(AZ7:BA7) -> 0 | BC7: ='2ND TERM Db '!AG7 -> 0 | BD7: ='1ST TERM Db'!AG7 -> 0 | BE7: =IF(AND(BB7=0,BC7=0,BD7=0),0,IF(AND(BB7=0,BC7=0),BD7/1,IF(AND(BB7=0,BD7=0),BC7/1,IF(AND(BC7=0,BD7=0),BB7/1,IF(BB7=0,FLOOR((BC7+BD7)/2,0.1),IF(BC7=0,(BB7+BD7)/2,IF(BD7=0,(BC7+BB7)/2,FLOOR(((BB7+BC7+BD7)/3),0.1)))))))) -> 0 | BH7: =SUM(BF7:BG7) -> 0 | BI7: ='2ND TERM Db '!AJ7 -> 0 | BJ7: ='1ST TERM Db'!AJ7 -> 19 | BK7: =IF(AND(BH7=0,BI7=0,BJ7=0),0,IF(AND(BH7=0,BI7=0),BJ7/1,IF(AND(BH7=0,BJ7=0),BI7/1,IF(AND(BI7=0,BJ7=0),BH7/1,IF(BH7=0,FLOOR((BI7+BJ7)/2,0.1),IF(BI7=0,(BH7+BJ7)/2,IF(BJ7=0,(BI7+BH7)/2,FLOOR(((BH7+BI7+BJ7)/3),0.1)))))))) -> 19 | BN7: =SUM(BL7:BM7) -> 0 | BO7: ='2ND TERM Db '!AM7 -> 0 | BP7: ='1ST TERM Db'!AM7 -> 0 | BQ7: =IF(AND(BN7=0,BO7=0,BP7=0),0,IF(AND(BN7=0,BO7=0),BP7/1,IF(AND(BN7=0,BP7=0),BO7/1,IF(AND(BO7=0,BP7=0),BN7/1,IF(BN7=0,FLOOR((BO7+BP7)/2,0.1),IF(BO7=0,(BN7+BP7)/2,IF(BP7=0,(BO7+BN7)/2,FLOOR(((BN7+BO7+BP7)/3),0.1)))))))) -> 0 | BT7: =SUM(BR7:BS7) -> 0 | BU7: ='2ND TERM Db '!AP7 -> 0 | BV7: ='1ST TERM Db'!AP7 -> 0 | BW7: =IF(AND(BT7=0,BU7=0,BV7=0),0,IF(AND(BT7=0,BU7=0),BV7/1,IF(AND(BT7=0,BV7=0),BU7/1,IF(AND(BU7=0,BV7=0),BT7/1,IF(BT7=0,FLOOR((BU7+BV7)/2,0.1),IF(BU7=0,(BT7+BV7)/2,IF(BV7=0,(BU7+BT7)/2,FLOOR(((BT7+BU7+BV7)/3),0.1)))))))) -> 0 | BZ7: =SUM(BX7:BY7) -> 0 | CA7: ='2ND TERM Db '!AS7 -> 0 | CB7: ='1ST TERM Db'!AS7 -> 0 | CC7: =IF(AND(BZ7=0,CA7=0,CB7=0),0,IF(AND(BZ7=0,CA7=0),CB7/1,IF(AND(BZ7=0,CB7=0),CA7/1,IF(AND(CA7=0,CB7=0),BZ7/1,IF(BZ7=0,FLOOR((CA7+CB7)/2,0.1),IF(CA7=0,(BZ7+CB7)/2,IF(CB7=0,(CA7+BZ7)/2,FLOOR(((BZ7+CA7+CB7)/3),0.1)))))))) -> 0 | CF7: =SUM(CD7:CE7) -> 0 | CG7: ='2ND TERM Db '!AV7 -> 0 | CH7: ='1ST TERM Db'!AV7 -> 0 | CI7: =IF(AND(CF7=0,CG7=0,CH7=0),0,IF(AND(CF7=0,CG7=0),CH7/1,IF(AND(CF7=0,CH7=0),CG7/1,IF(AND(CG7=0,CH7=0),CF7/1,IF(CF7=0,FLOOR((CG7+CH7)/2,0.1),IF(CG7=0,(CF7+CH7)/2,IF(CH7=0,(CG7+CF7)/2,FLOOR(((CF7+CG7+CH7)/3),0.1)))))))) -> 0 | CL7: =SUM(CJ7:CK7) -> 0 | CM7: ='2ND TERM Db '!AY7 -> 0 | CN7: ='1ST TERM Db'!AY7 -> 0 | CO7: =IF(AND(CL7=0,CM7=0,CN7=0),0,IF(AND(CL7=0,CM7=0),CN7/1,IF(AND(CL7=0,CN7=0),CM7/1,IF(AND(CM7=0,CN7=0),CL7/1,IF(CL7=0,FLOOR((CM7+CN7)/2,0.1),IF(CM7=0,(CL7+CN7)/2,IF(CN7=0,(CM7+CL7)/2,FLOOR(((CL7+CM7+CN7)/3),0.1)))))))) -> 0 | CR7: =SUM(CP7:CQ7) -> 0 | CS7: ='2ND TERM Db '!BB7 -> 0 | CT7: ='1ST TERM Db'!BB7 -> 0 | CU7: =IF(AND(CR7=0,CS7=0,CT7=0),0,IF(AND(CR7=0,CS7=0),CT7/1,IF(AND(CR7=0,CT7=0),CS7/1,IF(AND(CS7=0,CT7=0),CR7/1,IF(CR7=0,FLOOR((CS7+CT7)/2,0.1),IF(CS7=0,(CR7+CT7)/2,IF(CT7=0,(CS7+CR7)/2,FLOOR(((CR7+CS7+CT7)/3),0.1)))))))) -> 0 | CX7: =SUM(CV7:CW7) -> 0 | CY7: ='2ND TERM Db '!BE7 -> 0 | CZ7: ='1ST TERM Db'!BE7 -> 0 | DA7: =IF(AND(CX7=0,CY7=0,CZ7=0),0,IF(AND(CX7=0,CY7=0),CZ7/1,IF(AND(CX7=0,CZ7=0),CY7/1,IF(AND(CY7=0,CZ7=0),CX7/1,IF(CX7=0,FLOOR((CY7+CZ7)/2,0.1),IF(CY7=0,(CX7+CZ7)/2,IF(CZ7=0,(CY7+CX7)/2,FLOOR(((CX7+CY7+CZ7)/3),0.1)))))))) -> 0 | DD7: =SUM(DB7:DC7) -> 0 | DE7: ='2ND TERM Db '!BH7 -> 0 | DF7: ='1ST TERM Db'!BH7 -> 0 | DG7: =IF(AND(DD7=0,DE7=0,DF7=0),0,IF(AND(DD7=0,DE7=0),DF7/1,IF(AND(DD7=0,DF7=0),DE7/1,IF(AND(DE7=0,DF7=0),DD7/1,IF(DD7=0,FLOOR((DE7+DF7)/2,0.1),IF(DE7=0,(DD7+DF7)/2,IF(DF7=0,(DE7+DD7)/2,FLOOR(((DD7+DE7+DF7)/3),0.1)))))))) -> 0 | DJ7: =SUM(DH7:DI7) -> 0 | DK7: ='2ND TERM Db '!BK7 -> 0 | DL7: ='1ST TERM Db'!BK7 -> 0 | DM7: =IF(AND(DJ7=0,DK7=0,DL7=0),0,IF(AND(DJ7=0,DK7=0),DL7/1,IF(AND(DJ7=0,DL7=0),DK7/1,IF(AND(DK7=0,DL7=0),DJ7/1,IF(DJ7=0,FLOOR((DK7+DL7)/2,0.1),IF(DK7=0,(DJ7+DL7)/2,IF(DL7=0,(DK7+DJ7)/2,FLOOR(((DJ7+DK7+DL7)/3),0.1)))))))) -> 0 | DN7: =SUM(O7,U7,AA7,AG7,AM7,AS7,AY7,BE7,BK7,BQ7,BW7,CC7,CI7,CO7,CU7,DA7,DG7,DM7) -> 19 | DO7: =RANK(DN7,DN$4:DN$503) -> 11 | DP7: CHOOSE RATING | DQ7: CHOOSE RATING | DR7: CHOOSE RATING | DS7: CHOOSE RATING | DT7: CHOOSE RATING | DU7: CHOOSE RATING | DV7: CHOOSE RATING | DW7: CHOOSE RATING | DX7: 2025/2026 | DY7: THIRD | DZ7: CHOOSE RATING | EA7: CHOOSE RATING | EB7: CHOOSE RATING | EC7: CHOOSE RATING | ED7: CHOOSE RATING | EE7: CHOOSE RATING | EF7: CHOOSE RATING | EG7: Add the Tutor's Comment . . . | EH7: Choose Principals comment | EI7: Mr. Akinwale Ibrahim | EJ7: Next Term Begins on Monday, 14th September, 2026.
A8: 5 | B8: ='1ST TERM Db'!B8 -> SAHEED HASSAN | C8: ='1ST TERM Db'!C8 -> 0 | D8: ='1ST TERM Db'!D8 -> MALE | E8: ='1ST TERM Db'!E8 -> SSS3C | I8: =G8-H8 -> 0 | L8: =SUM(J8:K8) -> 0 | M8: ='2ND TERM Db '!L8 -> 0 | N8: ='1ST TERM Db'!L8 -> 0 | O8: =IF(AND(L8=0,M8=0,N8=0),0,IF(AND(L8=0,M8=0),N8/1,IF(AND(L8=0,N8=0),M8/1,IF(AND(M8=0,N8=0),L8/1,IF(L8=0,FLOOR((M8+N8)/2,0.1),IF(M8=0,(L8+N8)/2,IF(N8=0,(M8+L8)/2,FLOOR(((L8+M8+N8)/3),0.1)))))))) -> 0 | R8: =SUM(P8:Q8) -> 0 | S8: ='2ND TERM Db '!O8 -> 0 | T8: ='1ST TERM Db'!O8 -> 0 | U8: =IF(AND(R8=0,S8=0,T8=0),0,IF(AND(R8=0,S8=0),T8/1,IF(AND(R8=0,T8=0),S8/1,IF(AND(S8=0,T8=0),R8/1,IF(R8=0,FLOOR((S8+T8)/2,0.1),IF(S8=0,(R8+T8)/2,IF(T8=0,(S8+R8)/2,FLOOR(((R8+S8+T8)/3),0.1)))))))) -> 0 | X8: =SUM(V8:W8) -> 0 | Y8: ='2ND TERM Db '!R8 -> 0 | Z8: ='1ST TERM Db'!R8 -> 0 | AA8: =IF(AND(X8=0,Y8=0,Z8=0),0,IF(AND(X8=0,Y8=0),Z8/1,IF(AND(X8=0,Z8=0),Y8/1,IF(AND(Y8=0,Z8=0),X8/1,IF(X8=0,FLOOR((Y8+Z8)/2,0.1),IF(Y8=0,(X8+Z8)/2,IF(Z8=0,(Y8+X8)/2,FLOOR(((X8+Y8+Z8)/3),0.1)))))))) -> 0 | AD8: =SUM(AB8:AC8) -> 0 | AE8: ='2ND TERM Db '!U8 -> 0 | AF8: ='1ST TERM Db'!U8 -> 0 | AG8: =IF(AND(AD8=0,AE8=0,AF8=0),0,IF(AND(AD8=0,AE8=0),AF8/1,IF(AND(AD8=0,AF8=0),AE8/1,IF(AND(AE8=0,AF8=0),AD8/1,IF(AD8=0,FLOOR((AE8+AF8)/2,0.1),IF(AE8=0,(AD8+AF8)/2,IF(AF8=0,(AE8+AD8)/2,FLOOR(((AD8+AE8+AF8)/3),0.1)))))))) -> 0 | AJ8: =SUM(AH8:AI8) -> 0 | AK8: ='2ND TERM Db '!X8 -> 0 | AL8: ='1ST TERM Db'!X8 -> 0 | AM8: =IF(AND(AJ8=0,AK8=0,AL8=0),0,IF(AND(AJ8=0,AK8=0),AL8/1,IF(AND(AJ8=0,AL8=0),AK8/1,IF(AND(AK8=0,AL8=0),AJ8/1,IF(AJ8=0,FLOOR((AK8+AL8)/2,0.1),IF(AK8=0,(AJ8+AL8)/2,IF(AL8=0,(AK8+AJ8)/2,FLOOR(((AJ8+AK8+AL8)/3),0.1)))))))) -> 0 | AP8: =SUM(AN8:AO8) -> 0 | AQ8: ='2ND TERM Db '!AA8 -> 0 | AR8: ='1ST TERM Db'!AA8 -> 0 | AS8: =IF(AND(AP8=0,AQ8=0,AR8=0),0,IF(AND(AP8=0,AQ8=0),AR8/1,IF(AND(AP8=0,AR8=0),AQ8/1,IF(AND(AQ8=0,AR8=0),AP8/1,IF(AP8=0,FLOOR((AQ8+AR8)/2,0.1),IF(AQ8=0,(AP8+AR8)/2,IF(AR8=0,(AQ8+AP8)/2,FLOOR(((AP8+AQ8+AR8)/3),0.1)))))))) -> 0 | AV8: =SUM(AT8:AU8) -> 0 | AW8: ='2ND TERM Db '!AD8 -> 0 | AX8: ='1ST TERM Db'!AD8 -> 0 | AY8: =IF(AND(AV8=0,AW8=0,AX8=0),0,IF(AND(AV8=0,AW8=0),AX8/1,IF(AND(AV8=0,AX8=0),AW8/1,IF(AND(AW8=0,AX8=0),AV8/1,IF(AV8=0,FLOOR((AW8+AX8)/2,0.1),IF(AW8=0,(AV8+AX8)/2,IF(AX8=0,(AW8+AV8)/2,FLOOR(((AV8+AW8+AX8)/3),0.1)))))))) -> 0 | BB8: =SUM(AZ8:BA8) -> 0 | BC8: ='2ND TERM Db '!AG8 -> 0 | BD8: ='1ST TERM Db'!AG8 -> 0 | BE8: =IF(AND(BB8=0,BC8=0,BD8=0),0,IF(AND(BB8=0,BC8=0),BD8/1,IF(AND(BB8=0,BD8=0),BC8/1,IF(AND(BC8=0,BD8=0),BB8/1,IF(BB8=0,FLOOR((BC8+BD8)/2,0.1),IF(BC8=0,(BB8+BD8)/2,IF(BD8=0,(BC8+BB8)/2,FLOOR(((BB8+BC8+BD8)/3),0.1)))))))) -> 0 | BH8: =SUM(BF8:BG8) -> 0 | BI8: ='2ND TERM Db '!AJ8 -> 0 | BJ8: ='1ST TERM Db'!AJ8 -> 46 | BK8: =IF(AND(BH8=0,BI8=0,BJ8=0),0,IF(AND(BH8=0,BI8=0),BJ8/1,IF(AND(BH8=0,BJ8=0),BI8/1,IF(AND(BI8=0,BJ8=0),BH8/1,IF(BH8=0,FLOOR((BI8+BJ8)/2,0.1),IF(BI8=0,(BH8+BJ8)/2,IF(BJ8=0,(BI8+BH8)/2,FLOOR(((BH8+BI8+BJ8)/3),0.1)))))))) -> 46 | BN8: =SUM(BL8:BM8) -> 0 | BO8: ='2ND TERM Db '!AM8 -> 0 | BP8: ='1ST TERM Db'!AM8 -> 0 | BQ8: =IF(AND(BN8=0,BO8=0,BP8=0),0,IF(AND(BN8=0,BO8=0),BP8/1,IF(AND(BN8=0,BP8=0),BO8/1,IF(AND(BO8=0,BP8=0),BN8/1,IF(BN8=0,FLOOR((BO8+BP8)/2,0.1),IF(BO8=0,(BN8+BP8)/2,IF(BP8=0,(BO8+BN8)/2,FLOOR(((BN8+BO8+BP8)/3),0.1)))))))) -> 0 | BT8: =SUM(BR8:BS8) -> 0 | BU8: ='2ND TERM Db '!AP8 -> 0 | BV8: ='1ST TERM Db'!AP8 -> 0 | BW8: =IF(AND(BT8=0,BU8=0,BV8=0),0,IF(AND(BT8=0,BU8=0),BV8/1,IF(AND(BT8=0,BV8=0),BU8/1,IF(AND(BU8=0,BV8=0),BT8/1,IF(BT8=0,FLOOR((BU8+BV8)/2,0.1),IF(BU8=0,(BT8+BV8)/2,IF(BV8=0,(BU8+BT8)/2,FLOOR(((BT8+BU8+BV8)/3),0.1)))))))) -> 0 | BZ8: =SUM(BX8:BY8) -> 0 | CA8: ='2ND TERM Db '!AS8 -> 0 | CB8: ='1ST TERM Db'!AS8 -> 0 | CC8: =IF(AND(BZ8=0,CA8=0,CB8=0),0,IF(AND(BZ8=0,CA8=0),CB8/1,IF(AND(BZ8=0,CB8=0),CA8/1,IF(AND(CA8=0,CB8=0),BZ8/1,IF(BZ8=0,FLOOR((CA8+CB8)/2,0.1),IF(CA8=0,(BZ8+CB8)/2,IF(CB8=0,(CA8+BZ8)/2,FLOOR(((BZ8+CA8+CB8)/3),0.1)))))))) -> 0 | CF8: =SUM(CD8:CE8) -> 0 | CG8: ='2ND TERM Db '!AV8 -> 0 | CH8: ='1ST TERM Db'!AV8 -> 0 | CI8: =IF(AND(CF8=0,CG8=0,CH8=0),0,IF(AND(CF8=0,CG8=0),CH8/1,IF(AND(CF8=0,CH8=0),CG8/1,IF(AND(CG8=0,CH8=0),CF8/1,IF(CF8=0,FLOOR((CG8+CH8)/2,0.1),IF(CG8=0,(CF8+CH8)/2,IF(CH8=0,(CG8+CF8)/2,FLOOR(((CF8+CG8+CH8)/3),0.1)))))))) -> 0 | CL8: =SUM(CJ8:CK8) -> 0 | CM8: ='2ND TERM Db '!AY8 -> 0 | CN8: ='1ST TERM Db'!AY8 -> 0 | CO8: =IF(AND(CL8=0,CM8=0,CN8=0),0,IF(AND(CL8=0,CM8=0),CN8/1,IF(AND(CL8=0,CN8=0),CM8/1,IF(AND(CM8=0,CN8=0),CL8/1,IF(CL8=0,FLOOR((CM8+CN8)/2,0.1),IF(CM8=0,(CL8+CN8)/2,IF(CN8=0,(CM8+CL8)/2,FLOOR(((CL8+CM8+CN8)/3),0.1)))))))) -> 0 | CR8: =SUM(CP8:CQ8) -> 0 | CS8: ='2ND TERM Db '!BB8 -> 0 | CT8: ='1ST TERM Db'!BB8 -> 0 | CU8: =IF(AND(CR8=0,CS8=0,CT8=0),0,IF(AND(CR8=0,CS8=0),CT8/1,IF(AND(CR8=0,CT8=0),CS8/1,IF(AND(CS8=0,CT8=0),CR8/1,IF(CR8=0,FLOOR((CS8+CT8)/2,0.1),IF(CS8=0,(CR8+CT8)/2,IF(CT8=0,(CS8+CR8)/2,FLOOR(((CR8+CS8+CT8)/3),0.1)))))))) -> 0 | CX8: =SUM(CV8:CW8) -> 0 | CY8: ='2ND TERM Db '!BE8 -> 0 | CZ8: ='1ST TERM Db'!BE8 -> 0 | DA8: =IF(AND(CX8=0,CY8=0,CZ8=0),0,IF(AND(CX8=0,CY8=0),CZ8/1,IF(AND(CX8=0,CZ8=0),CY8/1,IF(AND(CY8=0,CZ8=0),CX8/1,IF(CX8=0,FLOOR((CY8+CZ8)/2,0.1),IF(CY8=0,(CX8+CZ8)/2,IF(CZ8=0,(CY8+CX8)/2,FLOOR(((CX8+CY8+CZ8)/3),0.1)))))))) -> 0 | DD8: =SUM(DB8:DC8) -> 0 | DE8: ='2ND TERM Db '!BH8 -> 0 | DF8: ='1ST TERM Db'!BH8 -> 0 | DG8: =IF(AND(DD8=0,DE8=0,DF8=0),0,IF(AND(DD8=0,DE8=0),DF8/1,IF(AND(DD8=0,DF8=0),DE8/1,IF(AND(DE8=0,DF8=0),DD8/1,IF(DD8=0,FLOOR((DE8+DF8)/2,0.1),IF(DE8=0,(DD8+DF8)/2,IF(DF8=0,(DE8+DD8)/2,FLOOR(((DD8+DE8+DF8)/3),0.1)))))))) -> 0 | DJ8: =SUM(DH8:DI8) -> 0 | DK8: ='2ND TERM Db '!BK8 -> 0 | DL8: ='1ST TERM Db'!BK8 -> 0 | DM8: =IF(AND(DJ8=0,DK8=0,DL8=0),0,IF(AND(DJ8=0,DK8=0),DL8/1,IF(AND(DJ8=0,DL8=0),DK8/1,IF(AND(DK8=0,DL8=0),DJ8/1,IF(DJ8=0,FLOOR((DK8+DL8)/2,0.1),IF(DK8=0,(DJ8+DL8)/2,IF(DL8=0,(DK8+DJ8)/2,FLOOR(((DJ8+DK8+DL8)/3),0.1)))))))) -> 0 | DN8: =SUM(O8,U8,AA8,AG8,AM8,AS8,AY8,BE8,BK8,BQ8,BW8,CC8,CI8,CO8,CU8,DA8,DG8:DM8) -> 46 | DO8: =RANK(DN8,DN$4:DN$503) -> 4 | DP8: CHOOSE RATING | DQ8: CHOOSE RATING | DR8: CHOOSE RATING | DS8: CHOOSE RATING | DT8: CHOOSE RATING | DU8: CHOOSE RATING | DV8: CHOOSE RATING | DW8: CHOOSE RATING | DX8: 2025/2026 | DY8: THIRD | DZ8: CHOOSE RATING | EA8: CHOOSE RATING | EB8: CHOOSE RATING | EC8: CHOOSE RATING | ED8: CHOOSE RATING | EE8: CHOOSE RATING | EF8: CHOOSE RATING | EG8: Add the Tutor's Comment . . . | EH8: Choose Principals comment | EI8: Mr. Akinwale Ibrahim | EJ8: Next Term Begins on Monday, 14th September, 2026.
A9: 6 | B9: ='1ST TERM Db'!B9 -> TAOFEEK AKEEM | C9: ='1ST TERM Db'!C9 -> 0 | D9: ='1ST TERM Db'!D9 -> MALE | E9: ='1ST TERM Db'!E9 -> SSS3C | I9: =G9-H9 -> 0 | L9: =SUM(J9:K9) -> 0 | M9: ='2ND TERM Db '!L9 -> 0 | N9: ='1ST TERM Db'!L9 -> 0 | O9: =IF(AND(L9=0,M9=0,N9=0),0,IF(AND(L9=0,M9=0),N9/1,IF(AND(L9=0,N9=0),M9/1,IF(AND(M9=0,N9=0),L9/1,IF(L9=0,FLOOR((M9+N9)/2,0.1),IF(M9=0,(L9+N9)/2,IF(N9=0,(M9+L9)/2,FLOOR(((L9+M9+N9)/3),0.1)))))))) -> 0 | R9: =SUM(P9:Q9) -> 0 | S9: ='2ND TERM Db '!O9 -> 0 | T9: ='1ST TERM Db'!O9 -> 0 | U9: =IF(AND(R9=0,S9=0,T9=0),0,IF(AND(R9=0,S9=0),T9/1,IF(AND(R9=0,T9=0),S9/1,IF(AND(S9=0,T9=0),R9/1,IF(R9=0,FLOOR((S9+T9)/2,0.1),IF(S9=0,(R9+T9)/2,IF(T9=0,(S9+R9)/2,FLOOR(((R9+S9+T9)/3),0.1)))))))) -> 0 | X9: =SUM(V9:W9) -> 0 | Y9: ='2ND TERM Db '!R9 -> 0 | Z9: ='1ST TERM Db'!R9 -> 0 | AA9: =IF(AND(X9=0,Y9=0,Z9=0),0,IF(AND(X9=0,Y9=0),Z9/1,IF(AND(X9=0,Z9=0),Y9/1,IF(AND(Y9=0,Z9=0),X9/1,IF(X9=0,FLOOR((Y9+Z9)/2,0.1),IF(Y9=0,(X9+Z9)/2,IF(Z9=0,(Y9+X9)/2,FLOOR(((X9+Y9+Z9)/3),0.1)))))))) -> 0 | AD9: =SUM(AB9:AC9) -> 0 | AE9: ='2ND TERM Db '!U9 -> 0 | AF9: ='1ST TERM Db'!U9 -> 0 | AG9: =IF(AND(AD9=0,AE9=0,AF9=0),0,IF(AND(AD9=0,AE9=0),AF9/1,IF(AND(AD9=0,AF9=0),AE9/1,IF(AND(AE9=0,AF9=0),AD9/1,IF(AD9=0,FLOOR((AE9+AF9)/2,0.1),IF(AE9=0,(AD9+AF9)/2,IF(AF9=0,(AE9+AD9)/2,FLOOR(((AD9+AE9+AF9)/3),0.1)))))))) -> 0 | AJ9: =SUM(AH9:AI9) -> 0 | AK9: ='2ND TERM Db '!X9 -> 0 | AL9: ='1ST TERM Db'!X9 -> 0 | AM9: =IF(AND(AJ9=0,AK9=0,AL9=0),0,IF(AND(AJ9=0,AK9=0),AL9/1,IF(AND(AJ9=0,AL9=0),AK9/1,IF(AND(AK9=0,AL9=0),AJ9/1,IF(AJ9=0,FLOOR((AK9+AL9)/2,0.1),IF(AK9=0,(AJ9+AL9)/2,IF(AL9=0,(AK9+AJ9)/2,FLOOR(((AJ9+AK9+AL9)/3),0.1)))))))) -> 0 | AP9: =SUM(AN9:AO9) -> 0 | AQ9: ='2ND TERM Db '!AA9 -> 0 | AR9: ='1ST TERM Db'!AA9 -> 0 | AS9: =IF(AND(AP9=0,AQ9=0,AR9=0),0,IF(AND(AP9=0,AQ9=0),AR9/1,IF(AND(AP9=0,AR9=0),AQ9/1,IF(AND(AQ9=0,AR9=0),AP9/1,IF(AP9=0,FLOOR((AQ9+AR9)/2,0.1),IF(AQ9=0,(AP9+AR9)/2,IF(AR9=0,(AQ9+AP9)/2,FLOOR(((AP9+AQ9+AR9)/3),0.1)))))))) -> 0 | AV9: =SUM(AT9:AU9) -> 0 | AW9: ='2ND TERM Db '!AD9 -> 0 | AX9: ='1ST TERM Db'!AD9 -> 0 | AY9: =IF(AND(AV9=0,AW9=0,AX9=0),0,IF(AND(AV9=0,AW9=0),AX9/1,IF(AND(AV9=0,AX9=0),AW9/1,IF(AND(AW9=0,AX9=0),AV9/1,IF(AV9=0,FLOOR((AW9+AX9)/2,0.1),IF(AW9=0,(AV9+AX9)/2,IF(AX9=0,(AW9+AV9)/2,FLOOR(((AV9+AW9+AX9)/3),0.1)))))))) -> 0 | BB9: =SUM(AZ9:BA9) -> 0 | BC9: ='2ND TERM Db '!AG9 -> 0 | BD9: ='1ST TERM Db'!AG9 -> 0 | BE9: =IF(AND(BB9=0,BC9=0,BD9=0),0,IF(AND(BB9=0,BC9=0),BD9/1,IF(AND(BB9=0,BD9=0),BC9/1,IF(AND(BC9=0,BD9=0),BB9/1,IF(BB9=0,FLOOR((BC9+BD9)/2,0.1),IF(BC9=0,(BB9+BD9)/2,IF(BD9=0,(BC9+BB9)/2,FLOOR(((BB9+BC9+BD9)/3),0.1)))))))) -> 0 | BH9: =SUM(BF9:BG9) -> 0 | BI9: ='2ND TERM Db '!AJ9 -> 0 | BJ9: ='1ST TERM Db'!AJ9 -> 0 | BK9: =IF(AND(BH9=0,BI9=0,BJ9=0),0,IF(AND(BH9=0,BI9=0),BJ9/1,IF(AND(BH9=0,BJ9=0),BI9/1,IF(AND(BI9=0,BJ9=0),BH9/1,IF(BH9=0,FLOOR((BI9+BJ9)/2,0.1),IF(BI9=0,(BH9+BJ9)/2,IF(BJ9=0,(BI9+BH9)/2,FLOOR(((BH9+BI9+BJ9)/3),0.1)))))))) -> 0 | BN9: =SUM(BL9:BM9) -> 0 | BO9: ='2ND TERM Db '!AM9 -> 0 | BP9: ='1ST TERM Db'!AM9 -> 0 | BQ9: =IF(AND(BN9=0,BO9=0,BP9=0),0,IF(AND(BN9=0,BO9=0),BP9/1,IF(AND(BN9=0,BP9=0),BO9/1,IF(AND(BO9=0,BP9=0),BN9/1,IF(BN9=0,FLOOR((BO9+BP9)/2,0.1),IF(BO9=0,(BN9+BP9)/2,IF(BP9=0,(BO9+BN9)/2,FLOOR(((BN9+BO9+BP9)/3),0.1)))))))) -> 0 | BT9: =SUM(BR9:BS9) -> 0 | BU9: ='2ND TERM Db '!AP9 -> 0 | BV9: ='1ST TERM Db'!AP9 -> 0 | BW9: =IF(AND(BT9=0,BU9=0,BV9=0),0,IF(AND(BT9=0,BU9=0),BV9/1,IF(AND(BT9=0,BV9=0),BU9/1,IF(AND(BU9=0,BV9=0),BT9/1,IF(BT9=0,FLOOR((BU9+BV9)/2,0.1),IF(BU9=0,(BT9+BV9)/2,IF(BV9=0,(BU9+BT9)/2,FLOOR(((BT9+BU9+BV9)/3),0.1)))))))) -> 0 | BZ9: =SUM(BX9:BY9) -> 0 | CA9: ='2ND TERM Db '!AS9 -> 0 | CB9: ='1ST TERM Db'!AS9 -> 0 | CC9: =IF(AND(BZ9=0,CA9=0,CB9=0),0,IF(AND(BZ9=0,CA9=0),CB9/1,IF(AND(BZ9=0,CB9=0),CA9/1,IF(AND(CA9=0,CB9=0),BZ9/1,IF(BZ9=0,FLOOR((CA9+CB9)/2,0.1),IF(CA9=0,(BZ9+CB9)/2,IF(CB9=0,(CA9+BZ9)/2,FLOOR(((BZ9+CA9+CB9)/3),0.1)))))))) -> 0 | CF9: =SUM(CD9:CE9) -> 0 | CG9: ='2ND TERM Db '!AV9 -> 0 | CH9: ='1ST TERM Db'!AV9 -> 0 | CI9: =IF(AND(CF9=0,CG9=0,CH9=0),0,IF(AND(CF9=0,CG9=0),CH9/1,IF(AND(CF9=0,CH9=0),CG9/1,IF(AND(CG9=0,CH9=0),CF9/1,IF(CF9=0,FLOOR((CG9+CH9)/2,0.1),IF(CG9=0,(CF9+CH9)/2,IF(CH9=0,(CG9+CF9)/2,FLOOR(((CF9+CG9+CH9)/3),0.1)))))))) -> 0 | CL9: =SUM(CJ9:CK9) -> 0 | CM9: ='2ND TERM Db '!AY9 -> 0 | CN9: ='1ST TERM Db'!AY9 -> 0 | CO9: =IF(AND(CL9=0,CM9=0,CN9=0),0,IF(AND(CL9=0,CM9=0),CN9/1,IF(AND(CL9=0,CN9=0),CM9/1,IF(AND(CM9=0,CN9=0),CL9/1,IF(CL9=0,FLOOR((CM9+CN9)/2,0.1),IF(CM9=0,(CL9+CN9)/2,IF(CN9=0,(CM9+CL9)/2,FLOOR(((CL9+CM9+CN9)/3),0.1)))))))) -> 0 | CR9: =SUM(CP9:CQ9) -> 0 | CS9: ='2ND TERM Db '!BB9 -> 0 | CT9: ='1ST TERM Db'!BB9 -> 0 | CU9: =IF(AND(CR9=0,CS9=0,CT9=0),0,IF(AND(CR9=0,CS9=0),CT9/1,IF(AND(CR9=0,CT9=0),CS9/1,IF(AND(CS9=0,CT9=0),CR9/1,IF(CR9=0,FLOOR((CS9+CT9)/2,0.1),IF(CS9=0,(CR9+CT9)/2,IF(CT9=0,(CS9+CR9)/2,FLOOR(((CR9+CS9+CT9)/3),0.1)))))))) -> 0 | CX9: =SUM(CV9:CW9) -> 0 | CY9: ='2ND TERM Db '!BE9 -> 0 | CZ9: ='1ST TERM Db'!BE9 -> 0 | DA9: =IF(AND(CX9=0,CY9=0,CZ9=0),0,IF(AND(CX9=0,CY9=0),CZ9/1,IF(AND(CX9=0,CZ9=0),CY9/1,IF(AND(CY9=0,CZ9=0),CX9/1,IF(CX9=0,FLOOR((CY9+CZ9)/2,0.1),IF(CY9=0,(CX9+CZ9)/2,IF(CZ9=0,(CY9+CX9)/2,FLOOR(((CX9+CY9+CZ9)/3),0.1)))))))) -> 0 | DD9: =SUM(DB9:DC9) -> 0 | DE9: ='2ND TERM Db '!BH9 -> 0 | DF9: ='1ST TERM Db'!BH9 -> 0 | DG9: =IF(AND(DD9=0,DE9=0,DF9=0),0,IF(AND(DD9=0,DE9=0),DF9/1,IF(AND(DD9=0,DF9=0),DE9/1,IF(AND(DE9=0,DF9=0),DD9/1,IF(DD9=0,FLOOR((DE9+DF9)/2,0.1),IF(DE9=0,(DD9+DF9)/2,IF(DF9=0,(DE9+DD9)/2,FLOOR(((DD9+DE9+DF9)/3),0.1)))))))) -> 0 | DJ9: =SUM(DH9:DI9) -> 0 | DK9: ='2ND TERM Db '!BK9 -> 0 | DL9: ='1ST TERM Db'!BK9 -> 0 | DM9: =IF(AND(DJ9=0,DK9=0,DL9=0),0,IF(AND(DJ9=0,DK9=0),DL9/1,IF(AND(DJ9=0,DL9=0),DK9/1,IF(AND(DK9=0,DL9=0),DJ9/1,IF(DJ9=0,FLOOR((DK9+DL9)/2,0.1),IF(DK9=0,(DJ9+DL9)/2,IF(DL9=0,(DK9+DJ9)/2,FLOOR(((DJ9+DK9+DL9)/3),0.1)))))))) -> 0 | DN9: =SUM(O9,U9,AA9,AG9,AM9,AS9,AY9,BE9,BK9,BQ9,BW9,CC9,CI9,CO9,CU9,DA9,DG9,DM9) -> 0 | DO9: =RANK(DN9,DN$4:DN$503) -> 12 | DP9: CHOOSE RATING | DQ9: CHOOSE RATING | DR9: CHOOSE RATING | DS9: CHOOSE RATING | DT9: CHOOSE RATING | DU9: CHOOSE RATING | DV9: CHOOSE RATING | DW9: CHOOSE RATING | DX9: 2025/2026 | DY9: THIRD | DZ9: CHOOSE RATING | EA9: CHOOSE RATING | EB9: CHOOSE RATING | EC9: CHOOSE RATING | ED9: CHOOSE RATING | EE9: CHOOSE RATING | EF9: CHOOSE RATING | EG9: Add the Tutor's Comment . . . | EH9: Choose Principals comment | EI9: Mr. Akinwale Ibrahim | EJ9: Next Term Begins on Monday, 14th September, 2026.
A10: 7 | B10: ='1ST TERM Db'!B10 -> ADANDE MORENIKEJI | C10: ='1ST TERM Db'!C10 -> 0 | D10: ='1ST TERM Db'!D10 -> FEMALE | E10: ='1ST TERM Db'!E10 -> SSS3C | I10: =G10-H10 -> 0 | L10: =SUM(J10:K10) -> 0 | M10: ='2ND TERM Db '!L10 -> 0 | N10: ='1ST TERM Db'!L10 -> 0 | O10: =IF(AND(L10=0,M10=0,N10=0),0,IF(AND(L10=0,M10=0),N10/1,IF(AND(L10=0,N10=0),M10/1,IF(AND(M10=0,N10=0),L10/1,IF(L10=0,FLOOR((M10+N10)/2,0.1),IF(M10=0,(L10+N10)/2,IF(N10=0,(M10+L10)/2,FLOOR(((L10+M10+N10)/3),0.1)))))))) -> 0 | R10: =SUM(P10:Q10) -> 0 | S10: ='2ND TERM Db '!O10 -> 0 | T10: ='1ST TERM Db'!O10 -> 0 | U10: =IF(AND(R10=0,S10=0,T10=0),0,IF(AND(R10=0,S10=0),T10/1,IF(AND(R10=0,T10=0),S10/1,IF(AND(S10=0,T10=0),R10/1,IF(R10=0,FLOOR((S10+T10)/2,0.1),IF(S10=0,(R10+T10)/2,IF(T10=0,(S10+R10)/2,FLOOR(((R10+S10+T10)/3),0.1)))))))) -> 0 | X10: =SUM(V10:W10) -> 0 | Y10: ='2ND TERM Db '!R10 -> 0 | Z10: ='1ST TERM Db'!R10 -> 0 | AA10: =IF(AND(X10=0,Y10=0,Z10=0),0,IF(AND(X10=0,Y10=0),Z10/1,IF(AND(X10=0,Z10=0),Y10/1,IF(AND(Y10=0,Z10=0),X10/1,IF(X10=0,FLOOR((Y10+Z10)/2,0.1),IF(Y10=0,(X10+Z10)/2,IF(Z10=0,(Y10+X10)/2,FLOOR(((X10+Y10+Z10)/3),0.1)))))))) -> 0 | AD10: =SUM(AB10:AC10) -> 0 | AE10: ='2ND TERM Db '!U10 -> 0 | AF10: ='1ST TERM Db'!U10 -> 0 | AG10: =IF(AND(AD10=0,AE10=0,AF10=0),0,IF(AND(AD10=0,AE10=0),AF10/1,IF(AND(AD10=0,AF10=0),AE10/1,IF(AND(AE10=0,AF10=0),AD10/1,IF(AD10=0,FLOOR((AE10+AF10)/2,0.1),IF(AE10=0,(AD10+AF10)/2,IF(AF10=0,(AE10+AD10)/2,FLOOR(((AD10+AE10+AF10)/3),0.1)))))))) -> 0 | AJ10: =SUM(AH10:AI10) -> 0 | AK10: ='2ND TERM Db '!X10 -> 0 | AL10: ='1ST TERM Db'!X10 -> 0 | AM10: =IF(AND(AJ10=0,AK10=0,AL10=0),0,IF(AND(AJ10=0,AK10=0),AL10/1,IF(AND(AJ10=0,AL10=0),AK10/1,IF(AND(AK10=0,AL10=0),AJ10/1,IF(AJ10=0,FLOOR((AK10+AL10)/2,0.1),IF(AK10=0,(AJ10+AL10)/2,IF(AL10=0,(AK10+AJ10)/2,FLOOR(((AJ10+AK10+AL10)/3),0.1)))))))) -> 0 | AP10: =SUM(AN10:AO10) -> 0 | AQ10: ='2ND TERM Db '!AA10 -> 0 | AR10: ='1ST TERM Db'!AA10 -> 0 | AS10: =IF(AND(AP10=0,AQ10=0,AR10=0),0,IF(AND(AP10=0,AQ10=0),AR10/1,IF(AND(AP10=0,AR10=0),AQ10/1,IF(AND(AQ10=0,AR10=0),AP10/1,IF(AP10=0,FLOOR((AQ10+AR10)/2,0.1),IF(AQ10=0,(AP10+AR10)/2,IF(AR10=0,(AQ10+AP10)/2,FLOOR(((AP10+AQ10+AR10)/3),0.1)))))))) -> 0 | AV10: =SUM(AT10:AU10) -> 0 | AW10: ='2ND TERM Db '!AD10 -> 0 | AX10: ='1ST TERM Db'!AD10 -> 0 | AY10: =IF(AND(AV10=0,AW10=0,AX10=0),0,IF(AND(AV10=0,AW10=0),AX10/1,IF(AND(AV10=0,AX10=0),AW10/1,IF(AND(AW10=0,AX10=0),AV10/1,IF(AV10=0,FLOOR((AW10+AX10)/2,0.1),IF(AW10=0,(AV10+AX10)/2,IF(AX10=0,(AW10+AV10)/2,FLOOR(((AV10+AW10+AX10)/3),0.1)))))))) -> 0 | BB10: =SUM(AZ10:BA10) -> 0 | BC10: ='2ND TERM Db '!AG10 -> 0 | BD10: ='1ST TERM Db'!AG10 -> 0 | BE10: =IF(AND(BB10=0,BC10=0,BD10=0),0,IF(AND(BB10=0,BC10=0),BD10/1,IF(AND(BB10=0,BD10=0),BC10/1,IF(AND(BC10=0,BD10=0),BB10/1,IF(BB10=0,FLOOR((BC10+BD10)/2,0.1),IF(BC10=0,(BB10+BD10)/2,IF(BD10=0,(BC10+BB10)/2,FLOOR(((BB10+BC10+BD10)/3),0.1)))))))) -> 0 | BH10: =SUM(BF10:BG10) -> 0 | BI10: ='2ND TERM Db '!AJ10 -> 0 | BJ10: ='1ST TERM Db'!AJ10 -> 0 | BK10: =IF(AND(BH10=0,BI10=0,BJ10=0),0,IF(AND(BH10=0,BI10=0),BJ10/1,IF(AND(BH10=0,BJ10=0),BI10/1,IF(AND(BI10=0,BJ10=0),BH10/1,IF(BH10=0,FLOOR((BI10+BJ10)/2,0.1),IF(BI10=0,(BH10+BJ10)/2,IF(BJ10=0,(BI10+BH10)/2,FLOOR(((BH10+BI10+BJ10)/3),0.1)))))))) -> 0 | BN10: =SUM(BL10:BM10) -> 0 | BO10: ='2ND TERM Db '!AM10 -> 0 | BP10: ='1ST TERM Db'!AM10 -> 0 | BQ10: =IF(AND(BN10=0,BO10=0,BP10=0),0,IF(AND(BN10=0,BO10=0),BP10/1,IF(AND(BN10=0,BP10=0),BO10/1,IF(AND(BO10=0,BP10=0),BN10/1,IF(BN10=0,FLOOR((BO10+BP10)/2,0.1),IF(BO10=0,(BN10+BP10)/2,IF(BP10=0,(BO10+BN10)/2,FLOOR(((BN10+BO10+BP10)/3),0.1)))))))) -> 0 | BT10: =SUM(BR10:BS10) -> 0 | BU10: ='2ND TERM Db '!AP10 -> 0 | BV10: ='1ST TERM Db'!AP10 -> 0 | BW10: =IF(AND(BT10=0,BU10=0,BV10=0),0,IF(AND(BT10=0,BU10=0),BV10/1,IF(AND(BT10=0,BV10=0),BU10/1,IF(AND(BU10=0,BV10=0),BT10/1,IF(BT10=0,FLOOR((BU10+BV10)/2,0.1),IF(BU10=0,(BT10+BV10)/2,IF(BV10=0,(BU10+BT10)/2,FLOOR(((BT10+BU10+BV10)/3),0.1)))))))) -> 0 | BZ10: =SUM(BX10:BY10) -> 0 | CA10: ='2ND TERM Db '!AS10 -> 0 | CB10: ='1ST TERM Db'!AS10 -> 0 | CC10: =IF(AND(BZ10=0,CA10=0,CB10=0),0,IF(AND(BZ10=0,CA10=0),CB10/1,IF(AND(BZ10=0,CB10=0),CA10/1,IF(AND(CA10=0,CB10=0),BZ10/1,IF(BZ10=0,FLOOR((CA10+CB10)/2,0.1),IF(CA10=0,(BZ10+CB10)/2,IF(CB10=0,(CA10+BZ10)/2,FLOOR(((BZ10+CA10+CB10)/3),0.1)))))))) -> 0 | CF10: =SUM(CD10:CE10) -> 0 | CG10: ='2ND TERM Db '!AV10 -> 0 | CH10: ='1ST TERM Db'!AV10 -> 0 | CI10: =IF(AND(CF10=0,CG10=0,CH10=0),0,IF(AND(CF10=0,CG10=0),CH10/1,IF(AND(CF10=0,CH10=0),CG10/1,IF(AND(CG10=0,CH10=0),CF10/1,IF(CF10=0,FLOOR((CG10+CH10)/2,0.1),IF(CG10=0,(CF10+CH10)/2,IF(CH10=0,(CG10+CF10)/2,FLOOR(((CF10+CG10+CH10)/3),0.1)))))))) -> 0 | CL10: =SUM(CJ10:CK10) -> 0 | CM10: ='2ND TERM Db '!AY10 -> 0 | CN10: ='1ST TERM Db'!AY10 -> 0 | CO10: =IF(AND(CL10=0,CM10=0,CN10=0),0,IF(AND(CL10=0,CM10=0),CN10/1,IF(AND(CL10=0,CN10=0),CM10/1,IF(AND(CM10=0,CN10=0),CL10/1,IF(CL10=0,FLOOR((CM10+CN10)/2,0.1),IF(CM10=0,(CL10+CN10)/2,IF(CN10=0,(CM10+CL10)/2,FLOOR(((CL10+CM10+CN10)/3),0.1)))))))) -> 0 | CR10: =SUM(CP10:CQ10) -> 0 | CS10: ='2ND TERM Db '!BB10 -> 0 | CT10: ='1ST TERM Db'!BB10 -> 0 | CU10: =IF(AND(CR10=0,CS10=0,CT10=0),0,IF(AND(CR10=0,CS10=0),CT10/1,IF(AND(CR10=0,CT10=0),CS10/1,IF(AND(CS10=0,CT10=0),CR10/1,IF(CR10=0,FLOOR((CS10+CT10)/2,0.1),IF(CS10=0,(CR10+CT10)/2,IF(CT10=0,(CS10+CR10)/2,FLOOR(((CR10+CS10+CT10)/3),0.1)))))))) -> 0 | CX10: =SUM(CV10:CW10) -> 0 | CY10: ='2ND TERM Db '!BE10 -> 0 | CZ10: ='1ST TERM Db'!BE10 -> 0 | DA10: =IF(AND(CX10=0,CY10=0,CZ10=0),0,IF(AND(CX10=0,CY10=0),CZ10/1,IF(AND(CX10=0,CZ10=0),CY10/1,IF(AND(CY10=0,CZ10=0),CX10/1,IF(CX10=0,FLOOR((CY10+CZ10)/2,0.1),IF(CY10=0,(CX10+CZ10)/2,IF(CZ10=0,(CY10+CX10)/2,FLOOR(((CX10+CY10+CZ10)/3),0.1)))))))) -> 0 | DD10: =SUM(DB10:DC10) -> 0 | DE10: ='2ND TERM Db '!BH10 -> 0 | DF10: ='1ST TERM Db'!BH10 -> 0 | DG10: =IF(AND(DD10=0,DE10=0,DF10=0),0,IF(AND(DD10=0,DE10=0),DF10/1,IF(AND(DD10=0,DF10=0),DE10/1,IF(AND(DE10=0,DF10=0),DD10/1,IF(DD10=0,FLOOR((DE10+DF10)/2,0.1),IF(DE10=0,(DD10+DF10)/2,IF(DF10=0,(DE10+DD10)/2,FLOOR(((DD10+DE10+DF10)/3),0.1)))))))) -> 0 | DJ10: =SUM(DH10:DI10) -> 0 | DK10: ='2ND TERM Db '!BK10 -> 0 | DL10: ='1ST TERM Db'!BK10 -> 0 | DM10: =IF(AND(DJ10=0,DK10=0,DL10=0),0,IF(AND(DJ10=0,DK10=0),DL10/1,IF(AND(DJ10=0,DL10=0),DK10/1,IF(AND(DK10=0,DL10=0),DJ10/1,IF(DJ10=0,FLOOR((DK10+DL10)/2,0.1),IF(DK10=0,(DJ10+DL10)/2,IF(DL10=0,(DK10+DJ10)/2,FLOOR(((DJ10+DK10+DL10)/3),0.1)))))))) -> 0 | DN10: =SUM(O10,U10,AA10,AG10,AM10,AS10,AY10,BE10,BK10,BQ10,BW10,CC10,CI10,CO10,CU10,DA10,DG10:DM10) -> 0 | DO10: =RANK(DN10,DN$4:DN$503) -> 12 | DP10: CHOOSE RATING | DQ10: CHOOSE RATING | DR10: CHOOSE RATING | DS10: CHOOSE RATING | DT10: CHOOSE RATING | DU10: CHOOSE RATING | DV10: CHOOSE RATING | DW10: CHOOSE RATING | DX10: 2025/2026 | DY10: THIRD | DZ10: CHOOSE RATING | EA10: CHOOSE RATING | EB10: CHOOSE RATING | EC10: CHOOSE RATING | ED10: CHOOSE RATING | EE10: CHOOSE RATING | EF10: CHOOSE RATING | EG10: Add the Tutor's Comment . . . | EH10: Choose Principals comment | EI10: Mr. Akinwale Ibrahim | EJ10: Next Term Begins on Monday, 14th September, 2026.
A11: 8 | B11: ='1ST TERM Db'!B11 -> ADEBAYO MORIDAYAT | C11: ='1ST TERM Db'!C11 -> 2372 | D11: ='1ST TERM Db'!D11 -> FEMALE | E11: ='1ST TERM Db'!E11 -> SSS3C | I11: =G11-H11 -> 0 | L11: =SUM(J11:K11) -> 0 | M11: ='2ND TERM Db '!L11 -> 0 | N11: ='1ST TERM Db'!L11 -> 0 | O11: =IF(AND(L11=0,M11=0,N11=0),0,IF(AND(L11=0,M11=0),N11/1,IF(AND(L11=0,N11=0),M11/1,IF(AND(M11=0,N11=0),L11/1,IF(L11=0,FLOOR((M11+N11)/2,0.1),IF(M11=0,(L11+N11)/2,IF(N11=0,(M11+L11)/2,FLOOR(((L11+M11+N11)/3),0.1)))))))) -> 0 | R11: =SUM(P11:Q11) -> 0 | S11: ='2ND TERM Db '!O11 -> 0 | T11: ='1ST TERM Db'!O11 -> 0 | U11: =IF(AND(R11=0,S11=0,T11=0),0,IF(AND(R11=0,S11=0),T11/1,IF(AND(R11=0,T11=0),S11/1,IF(AND(S11=0,T11=0),R11/1,IF(R11=0,FLOOR((S11+T11)/2,0.1),IF(S11=0,(R11+T11)/2,IF(T11=0,(S11+R11)/2,FLOOR(((R11+S11+T11)/3),0.1)))))))) -> 0 | X11: =SUM(V11:W11) -> 0 | Y11: ='2ND TERM Db '!R11 -> 0 | Z11: ='1ST TERM Db'!R11 -> 0 | AA11: =IF(AND(X11=0,Y11=0,Z11=0),0,IF(AND(X11=0,Y11=0),Z11/1,IF(AND(X11=0,Z11=0),Y11/1,IF(AND(Y11=0,Z11=0),X11/1,IF(X11=0,FLOOR((Y11+Z11)/2,0.1),IF(Y11=0,(X11+Z11)/2,IF(Z11=0,(Y11+X11)/2,FLOOR(((X11+Y11+Z11)/3),0.1)))))))) -> 0 | AD11: =SUM(AB11:AC11) -> 0 | AE11: ='2ND TERM Db '!U11 -> 0 | AF11: ='1ST TERM Db'!U11 -> 0 | AG11: =IF(AND(AD11=0,AE11=0,AF11=0),0,IF(AND(AD11=0,AE11=0),AF11/1,IF(AND(AD11=0,AF11=0),AE11/1,IF(AND(AE11=0,AF11=0),AD11/1,IF(AD11=0,FLOOR((AE11+AF11)/2,0.1),IF(AE11=0,(AD11+AF11)/2,IF(AF11=0,(AE11+AD11)/2,FLOOR(((AD11+AE11+AF11)/3),0.1)))))))) -> 0 | AJ11: =SUM(AH11:AI11) -> 0 | AK11: ='2ND TERM Db '!X11 -> 0 | AL11: ='1ST TERM Db'!X11 -> 0 | AM11: =IF(AND(AJ11=0,AK11=0,AL11=0),0,IF(AND(AJ11=0,AK11=0),AL11/1,IF(AND(AJ11=0,AL11=0),AK11/1,IF(AND(AK11=0,AL11=0),AJ11/1,IF(AJ11=0,FLOOR((AK11+AL11)/2,0.1),IF(AK11=0,(AJ11+AL11)/2,IF(AL11=0,(AK11+AJ11)/2,FLOOR(((AJ11+AK11+AL11)/3),0.1)))))))) -> 0 | AP11: =SUM(AN11:AO11) -> 0 | AQ11: ='2ND TERM Db '!AA11 -> 0 | AR11: ='1ST TERM Db'!AA11 -> 0 | AS11: =IF(AND(AP11=0,AQ11=0,AR11=0),0,IF(AND(AP11=0,AQ11=0),AR11/1,IF(AND(AP11=0,AR11=0),AQ11/1,IF(AND(AQ11=0,AR11=0),AP11/1,IF(AP11=0,FLOOR((AQ11+AR11)/2,0.1),IF(AQ11=0,(AP11+AR11)/2,IF(AR11=0,(AQ11+AP11)/2,FLOOR(((AP11+AQ11+AR11)/3),0.1)))))))) -> 0 | AV11: =SUM(AT11:AU11) -> 0 | AW11: ='2ND TERM Db '!AD11 -> 0 | AX11: ='1ST TERM Db'!AD11 -> 0 | AY11: =IF(AND(AV11=0,AW11=0,AX11=0),0,IF(AND(AV11=0,AW11=0),AX11/1,IF(AND(AV11=0,AX11=0),AW11/1,IF(AND(AW11=0,AX11=0),AV11/1,IF(AV11=0,FLOOR((AW11+AX11)/2,0.1),IF(AW11=0,(AV11+AX11)/2,IF(AX11=0,(AW11+AV11)/2,FLOOR(((AV11+AW11+AX11)/3),0.1)))))))) -> 0 | BB11: =SUM(AZ11:BA11) -> 0 | BC11: ='2ND TERM Db '!AG11 -> 0 | BD11: ='1ST TERM Db'!AG11 -> 0 | BE11: =IF(AND(BB11=0,BC11=0,BD11=0),0,IF(AND(BB11=0,BC11=0),BD11/1,IF(AND(BB11=0,BD11=0),BC11/1,IF(AND(BC11=0,BD11=0),BB11/1,IF(BB11=0,FLOOR((BC11+BD11)/2,0.1),IF(BC11=0,(BB11+BD11)/2,IF(BD11=0,(BC11+BB11)/2,FLOOR(((BB11+BC11+BD11)/3),0.1)))))))) -> 0 | BH11: =SUM(BF11:BG11) -> 0 | BI11: ='2ND TERM Db '!AJ11 -> 0 | BJ11: ='1ST TERM Db'!AJ11 -> 0 | BK11: =IF(AND(BH11=0,BI11=0,BJ11=0),0,IF(AND(BH11=0,BI11=0),BJ11/1,IF(AND(BH11=0,BJ11=0),BI11/1,IF(AND(BI11=0,BJ11=0),BH11/1,IF(BH11=0,FLOOR((BI11+BJ11)/2,0.1),IF(BI11=0,(BH11+BJ11)/2,IF(BJ11=0,(BI11+BH11)/2,FLOOR(((BH11+BI11+BJ11)/3),0.1)))))))) -> 0 | BN11: =SUM(BL11:BM11) -> 0 | BO11: ='2ND TERM Db '!AM11 -> 0 | BP11: ='1ST TERM Db'!AM11 -> 0 | BQ11: =IF(AND(BN11=0,BO11=0,BP11=0),0,IF(AND(BN11=0,BO11=0),BP11/1,IF(AND(BN11=0,BP11=0),BO11/1,IF(AND(BO11=0,BP11=0),BN11/1,IF(BN11=0,FLOOR((BO11+BP11)/2,0.1),IF(BO11=0,(BN11+BP11)/2,IF(BP11=0,(BO11+BN11)/2,FLOOR(((BN11+BO11+BP11)/3),0.1)))))))) -> 0 | BT11: =SUM(BR11:BS11) -> 0 | BU11: ='2ND TERM Db '!AP11 -> 0 | BV11: ='1ST TERM Db'!AP11 -> 0 | BW11: =IF(AND(BT11=0,BU11=0,BV11=0),0,IF(AND(BT11=0,BU11=0),BV11/1,IF(AND(BT11=0,BV11=0),BU11/1,IF(AND(BU11=0,BV11=0),BT11/1,IF(BT11=0,FLOOR((BU11+BV11)/2,0.1),IF(BU11=0,(BT11+BV11)/2,IF(BV11=0,(BU11+BT11)/2,FLOOR(((BT11+BU11+BV11)/3),0.1)))))))) -> 0 | BZ11: =SUM(BX11:BY11) -> 0 | CA11: ='2ND TERM Db '!AS11 -> 0 | CB11: ='1ST TERM Db'!AS11 -> 0 | CC11: =IF(AND(BZ11=0,CA11=0,CB11=0),0,IF(AND(BZ11=0,CA11=0),CB11/1,IF(AND(BZ11=0,CB11=0),CA11/1,IF(AND(CA11=0,CB11=0),BZ11/1,IF(BZ11=0,FLOOR((CA11+CB11)/2,0.1),IF(CA11=0,(BZ11+CB11)/2,IF(CB11=0,(CA11+BZ11)/2,FLOOR(((BZ11+CA11+CB11)/3),0.1)))))))) -> 0 | CF11: =SUM(CD11:CE11) -> 0 | CG11: ='2ND TERM Db '!AV11 -> 0 | CH11: ='1ST TERM Db'!AV11 -> 0 | CI11: =IF(AND(CF11=0,CG11=0,CH11=0),0,IF(AND(CF11=0,CG11=0),CH11/1,IF(AND(CF11=0,CH11=0),CG11/1,IF(AND(CG11=0,CH11=0),CF11/1,IF(CF11=0,FLOOR((CG11+CH11)/2,0.1),IF(CG11=0,(CF11+CH11)/2,IF(CH11=0,(CG11+CF11)/2,FLOOR(((CF11+CG11+CH11)/3),0.1)))))))) -> 0 | CL11: =SUM(CJ11:CK11) -> 0 | CM11: ='2ND TERM Db '!AY11 -> 0 | CN11: ='1ST TERM Db'!AY11 -> 0 | CO11: =IF(AND(CL11=0,CM11=0,CN11=0),0,IF(AND(CL11=0,CM11=0),CN11/1,IF(AND(CL11=0,CN11=0),CM11/1,IF(AND(CM11=0,CN11=0),CL11/1,IF(CL11=0,FLOOR((CM11+CN11)/2,0.1),IF(CM11=0,(CL11+CN11)/2,IF(CN11=0,(CM11+CL11)/2,FLOOR(((CL11+CM11+CN11)/3),0.1)))))))) -> 0 | CR11: =SUM(CP11:CQ11) -> 0 | CS11: ='2ND TERM Db '!BB11 -> 0 | CT11: ='1ST TERM Db'!BB11 -> 0 | CU11: =IF(AND(CR11=0,CS11=0,CT11=0),0,IF(AND(CR11=0,CS11=0),CT11/1,IF(AND(CR11=0,CT11=0),CS11/1,IF(AND(CS11=0,CT11=0),CR11/1,IF(CR11=0,FLOOR((CS11+CT11)/2,0.1),IF(CS11=0,(CR11+CT11)/2,IF(CT11=0,(CS11+CR11)/2,FLOOR(((CR11+CS11+CT11)/3),0.1)))))))) -> 0 | CX11: =SUM(CV11:CW11) -> 0 | CY11: ='2ND TERM Db '!BE11 -> 0 | CZ11: ='1ST TERM Db'!BE11 -> 0 | DA11: =IF(AND(CX11=0,CY11=0,CZ11=0),0,IF(AND(CX11=0,CY11=0),CZ11/1,IF(AND(CX11=0,CZ11=0),CY11/1,IF(AND(CY11=0,CZ11=0),CX11/1,IF(CX11=0,FLOOR((CY11+CZ11)/2,0.1),IF(CY11=0,(CX11+CZ11)/2,IF(CZ11=0,(CY11+CX11)/2,FLOOR(((CX11+CY11+CZ11)/3),0.1)))))))) -> 0 | DD11: =SUM(DB11:DC11) -> 0 | DE11: ='2ND TERM Db '!BH11 -> 0 | DF11: ='1ST TERM Db'!BH11 -> 0 | DG11: =IF(AND(DD11=0,DE11=0,DF11=0),0,IF(AND(DD11=0,DE11=0),DF11/1,IF(AND(DD11=0,DF11=0),DE11/1,IF(AND(DE11=0,DF11=0),DD11/1,IF(DD11=0,FLOOR((DE11+DF11)/2,0.1),IF(DE11=0,(DD11+DF11)/2,IF(DF11=0,(DE11+DD11)/2,FLOOR(((DD11+DE11+DF11)/3),0.1)))))))) -> 0 | DJ11: =SUM(DH11:DI11) -> 0 | DK11: ='2ND TERM Db '!BK11 -> 0 | DL11: ='1ST TERM Db'!BK11 -> 0 | DM11: =IF(AND(DJ11=0,DK11=0,DL11=0),0,IF(AND(DJ11=0,DK11=0),DL11/1,IF(AND(DJ11=0,DL11=0),DK11/1,IF(AND(DK11=0,DL11=0),DJ11/1,IF(DJ11=0,FLOOR((DK11+DL11)/2,0.1),IF(DK11=0,(DJ11+DL11)/2,IF(DL11=0,(DK11+DJ11)/2,FLOOR(((DJ11+DK11+DL11)/3),0.1)))))))) -> 0 | DN11: =SUM(O11,U11,AA11,AG11,AM11,AS11,AY11,BE11,BK11,BQ11,BW11,CC11,CI11,CO11,CU11,DA11,DG11,DM11) -> 0 | DO11: =RANK(DN11,DN$4:DN$503) -> 12 | DP11: CHOOSE RATING | DQ11: CHOOSE RATING | DR11: CHOOSE RATING | DS11: CHOOSE RATING | DT11: CHOOSE RATING | DU11: CHOOSE RATING | DV11: CHOOSE RATING | DW11: CHOOSE RATING | DX11: 2025/2026 | DY11: THIRD | DZ11: CHOOSE RATING | EA11: CHOOSE RATING | EB11: CHOOSE RATING | EC11: CHOOSE RATING | ED11: CHOOSE RATING | EE11: CHOOSE RATING | EF11: CHOOSE RATING | EG11: Add the Tutor's Comment . . . | EH11: Choose Principals comment | EI11: Mr. Akinwale Ibrahim | EJ11: Next Term Begins on Monday, 14th September, 2026.
A12: 9 | B12: ='1ST TERM Db'!B12 -> ADEBAYO TAOFEEKAT | C12: ='1ST TERM Db'!C12 -> 2373 | D12: ='1ST TERM Db'!D12 -> FEMALE | E12: ='1ST TERM Db'!E12 -> SSS3C | I12: =G12-H12 -> 0 | L12: =SUM(J12:K12) -> 0 | M12: ='2ND TERM Db '!L12 -> 0 | N12: ='1ST TERM Db'!L12 -> 0 | O12: =IF(AND(L12=0,M12=0,N12=0),0,IF(AND(L12=0,M12=0),N12/1,IF(AND(L12=0,N12=0),M12/1,IF(AND(M12=0,N12=0),L12/1,IF(L12=0,FLOOR((M12+N12)/2,0.1),IF(M12=0,(L12+N12)/2,IF(N12=0,(M12+L12)/2,FLOOR(((L12+M12+N12)/3),0.1)))))))) -> 0 | R12: =SUM(P12:Q12) -> 0 | S12: ='2ND TERM Db '!O12 -> 0 | T12: ='1ST TERM Db'!O12 -> 0 | U12: =IF(AND(R12=0,S12=0,T12=0),0,IF(AND(R12=0,S12=0),T12/1,IF(AND(R12=0,T12=0),S12/1,IF(AND(S12=0,T12=0),R12/1,IF(R12=0,FLOOR((S12+T12)/2,0.1),IF(S12=0,(R12+T12)/2,IF(T12=0,(S12+R12)/2,FLOOR(((R12+S12+T12)/3),0.1)))))))) -> 0 | X12: =SUM(V12:W12) -> 0 | Y12: ='2ND TERM Db '!R12 -> 0 | Z12: ='1ST TERM Db'!R12 -> 0 | AA12: =IF(AND(X12=0,Y12=0,Z12=0),0,IF(AND(X12=0,Y12=0),Z12/1,IF(AND(X12=0,Z12=0),Y12/1,IF(AND(Y12=0,Z12=0),X12/1,IF(X12=0,FLOOR((Y12+Z12)/2,0.1),IF(Y12=0,(X12+Z12)/2,IF(Z12=0,(Y12+X12)/2,FLOOR(((X12+Y12+Z12)/3),0.1)))))))) -> 0 | AD12: =SUM(AB12:AC12) -> 0 | AE12: ='2ND TERM Db '!U12 -> 0 | AF12: ='1ST TERM Db'!U12 -> 0 | AG12: =IF(AND(AD12=0,AE12=0,AF12=0),0,IF(AND(AD12=0,AE12=0),AF12/1,IF(AND(AD12=0,AF12=0),AE12/1,IF(AND(AE12=0,AF12=0),AD12/1,IF(AD12=0,FLOOR((AE12+AF12)/2,0.1),IF(AE12=0,(AD12+AF12)/2,IF(AF12=0,(AE12+AD12)/2,FLOOR(((AD12+AE12+AF12)/3),0.1)))))))) -> 0 | AJ12: =SUM(AH12:AI12) -> 0 | AK12: ='2ND TERM Db '!X12 -> 0 | AL12: ='1ST TERM Db'!X12 -> 0 | AM12: =IF(AND(AJ12=0,AK12=0,AL12=0),0,IF(AND(AJ12=0,AK12=0),AL12/1,IF(AND(AJ12=0,AL12=0),AK12/1,IF(AND(AK12=0,AL12=0),AJ12/1,IF(AJ12=0,FLOOR((AK12+AL12)/2,0.1),IF(AK12=0,(AJ12+AL12)/2,IF(AL12=0,(AK12+AJ12)/2,FLOOR(((AJ12+AK12+AL12)/3),0.1)))))))) -> 0 | AP12: =SUM(AN12:AO12) -> 0 | AQ12: ='2ND TERM Db '!AA12 -> 0 | AR12: ='1ST TERM Db'!AA12 -> 0 | AS12: =IF(AND(AP12=0,AQ12=0,AR12=0),0,IF(AND(AP12=0,AQ12=0),AR12/1,IF(AND(AP12=0,AR12=0),AQ12/1,IF(AND(AQ12=0,AR12=0),AP12/1,IF(AP12=0,FLOOR((AQ12+AR12)/2,0.1),IF(AQ12=0,(AP12+AR12)/2,IF(AR12=0,(AQ12+AP12)/2,FLOOR(((AP12+AQ12+AR12)/3),0.1)))))))) -> 0 | AV12: =SUM(AT12:AU12) -> 0 | AW12: ='2ND TERM Db '!AD12 -> 0 | AX12: ='1ST TERM Db'!AD12 -> 0 | AY12: =IF(AND(AV12=0,AW12=0,AX12=0),0,IF(AND(AV12=0,AW12=0),AX12/1,IF(AND(AV12=0,AX12=0),AW12/1,IF(AND(AW12=0,AX12=0),AV12/1,IF(AV12=0,FLOOR((AW12+AX12)/2,0.1),IF(AW12=0,(AV12+AX12)/2,IF(AX12=0,(AW12+AV12)/2,FLOOR(((AV12+AW12+AX12)/3),0.1)))))))) -> 0 | BB12: =SUM(AZ12:BA12) -> 0 | BC12: ='2ND TERM Db '!AG12 -> 0 | BD12: ='1ST TERM Db'!AG12 -> 0 | BE12: =IF(AND(BB12=0,BC12=0,BD12=0),0,IF(AND(BB12=0,BC12=0),BD12/1,IF(AND(BB12=0,BD12=0),BC12/1,IF(AND(BC12=0,BD12=0),BB12/1,IF(BB12=0,FLOOR((BC12+BD12)/2,0.1),IF(BC12=0,(BB12+BD12)/2,IF(BD12=0,(BC12+BB12)/2,FLOOR(((BB12+BC12+BD12)/3),0.1)))))))) -> 0 | BH12: =SUM(BF12:BG12) -> 0 | BI12: ='2ND TERM Db '!AJ12 -> 0 | BJ12: ='1ST TERM Db'!AJ12 -> 0 | BK12: =IF(AND(BH12=0,BI12=0,BJ12=0),0,IF(AND(BH12=0,BI12=0),BJ12/1,IF(AND(BH12=0,BJ12=0),BI12/1,IF(AND(BI12=0,BJ12=0),BH12/1,IF(BH12=0,FLOOR((BI12+BJ12)/2,0.1),IF(BI12=0,(BH12+BJ12)/2,IF(BJ12=0,(BI12+BH12)/2,FLOOR(((BH12+BI12+BJ12)/3),0.1)))))))) -> 0 | BN12: =SUM(BL12:BM12) -> 0 | BO12: ='2ND TERM Db '!AM12 -> 0 | BP12: ='1ST TERM Db'!AM12 -> 0 | BQ12: =IF(AND(BN12=0,BO12=0,BP12=0),0,IF(AND(BN12=0,BO12=0),BP12/1,IF(AND(BN12=0,BP12=0),BO12/1,IF(AND(BO12=0,BP12=0),BN12/1,IF(BN12=0,FLOOR((BO12+BP12)/2,0.1),IF(BO12=0,(BN12+BP12)/2,IF(BP12=0,(BO12+BN12)/2,FLOOR(((BN12+BO12+BP12)/3),0.1)))))))) -> 0 | BT12: =SUM(BR12:BS12) -> 0 | BU12: ='2ND TERM Db '!AP12 -> 0 | BV12: ='1ST TERM Db'!AP12 -> 0 | BW12: =IF(AND(BT12=0,BU12=0,BV12=0),0,IF(AND(BT12=0,BU12=0),BV12/1,IF(AND(BT12=0,BV12=0),BU12/1,IF(AND(BU12=0,BV12=0),BT12/1,IF(BT12=0,FLOOR((BU12+BV12)/2,0.1),IF(BU12=0,(BT12+BV12)/2,IF(BV12=0,(BU12+BT12)/2,FLOOR(((BT12+BU12+BV12)/3),0.1)))))))) -> 0 | BZ12: =SUM(BX12:BY12) -> 0 | CA12: ='2ND TERM Db '!AS12 -> 0 | CB12: ='1ST TERM Db'!AS12 -> 0 | CC12: =IF(AND(BZ12=0,CA12=0,CB12=0),0,IF(AND(BZ12=0,CA12=0),CB12/1,IF(AND(BZ12=0,CB12=0),CA12/1,IF(AND(CA12=0,CB12=0),BZ12/1,IF(BZ12=0,FLOOR((CA12+CB12)/2,0.1),IF(CA12=0,(BZ12+CB12)/2,IF(CB12=0,(CA12+BZ12)/2,FLOOR(((BZ12+CA12+CB12)/3),0.1)))))))) -> 0 | CF12: =SUM(CD12:CE12) -> 0 | CG12: ='2ND TERM Db '!AV12 -> 0 | CH12: ='1ST TERM Db'!AV12 -> 0 | CI12: =IF(AND(CF12=0,CG12=0,CH12=0),0,IF(AND(CF12=0,CG12=0),CH12/1,IF(AND(CF12=0,CH12=0),CG12/1,IF(AND(CG12=0,CH12=0),CF12/1,IF(CF12=0,FLOOR((CG12+CH12)/2,0.1),IF(CG12=0,(CF12+CH12)/2,IF(CH12=0,(CG12+CF12)/2,FLOOR(((CF12+CG12+CH12)/3),0.1)))))))) -> 0 | CL12: =SUM(CJ12:CK12) -> 0 | CM12: ='2ND TERM Db '!AY12 -> 0 | CN12: ='1ST TERM Db'!AY12 -> 0 | CO12: =IF(AND(CL12=0,CM12=0,CN12=0),0,IF(AND(CL12=0,CM12=0),CN12/1,IF(AND(CL12=0,CN12=0),CM12/1,IF(AND(CM12=0,CN12=0),CL12/1,IF(CL12=0,FLOOR((CM12+CN12)/2,0.1),IF(CM12=0,(CL12+CN12)/2,IF(CN12=0,(CM12+CL12)/2,FLOOR(((CL12+CM12+CN12)/3),0.1)))))))) -> 0 | CR12: =SUM(CP12:CQ12) -> 0 | CS12: ='2ND TERM Db '!BB12 -> 0 | CT12: ='1ST TERM Db'!BB12 -> 0 | CU12: =IF(AND(CR12=0,CS12=0,CT12=0),0,IF(AND(CR12=0,CS12=0),CT12/1,IF(AND(CR12=0,CT12=0),CS12/1,IF(AND(CS12=0,CT12=0),CR12/1,IF(CR12=0,FLOOR((CS12+CT12)/2,0.1),IF(CS12=0,(CR12+CT12)/2,IF(CT12=0,(CS12+CR12)/2,FLOOR(((CR12+CS12+CT12)/3),0.1)))))))) -> 0 | CX12: =SUM(CV12:CW12) -> 0 | CY12: ='2ND TERM Db '!BE12 -> 0 | CZ12: ='1ST TERM Db'!BE12 -> 0 | DA12: =IF(AND(CX12=0,CY12=0,CZ12=0),0,IF(AND(CX12=0,CY12=0),CZ12/1,IF(AND(CX12=0,CZ12=0),CY12/1,IF(AND(CY12=0,CZ12=0),CX12/1,IF(CX12=0,FLOOR((CY12+CZ12)/2,0.1),IF(CY12=0,(CX12+CZ12)/2,IF(CZ12=0,(CY12+CX12)/2,FLOOR(((CX12+CY12+CZ12)/3),0.1)))))))) -> 0 | DD12: =SUM(DB12:DC12) -> 0 | DE12: ='2ND TERM Db '!BH12 -> 0 | DF12: ='1ST TERM Db'!BH12 -> 0 | DG12: =IF(AND(DD12=0,DE12=0,DF12=0),0,IF(AND(DD12=0,DE12=0),DF12/1,IF(AND(DD12=0,DF12=0),DE12/1,IF(AND(DE12=0,DF12=0),DD12/1,IF(DD12=0,FLOOR((DE12+DF12)/2,0.1),IF(DE12=0,(DD12+DF12)/2,IF(DF12=0,(DE12+DD12)/2,FLOOR(((DD12+DE12+DF12)/3),0.1)))))))) -> 0 | DJ12: =SUM(DH12:DI12) -> 0 | DK12: ='2ND TERM Db '!BK12 -> 0 | DL12: ='1ST TERM Db'!BK12 -> 0 | DM12: =IF(AND(DJ12=0,DK12=0,DL12=0),0,IF(AND(DJ12=0,DK12=0),DL12/1,IF(AND(DJ12=0,DL12=0),DK12/1,IF(AND(DK12=0,DL12=0),DJ12/1,IF(DJ12=0,FLOOR((DK12+DL12)/2,0.1),IF(DK12=0,(DJ12+DL12)/2,IF(DL12=0,(DK12+DJ12)/2,FLOOR(((DJ12+DK12+DL12)/3),0.1)))))))) -> 0 | DN12: =SUM(O12,U12,AA12,AG12,AM12,AS12,AY12,BE12,BK12,BQ12,BW12,CC12,CI12,CO12,CU12,DA12,DG12:DM12) -> 0 | DO12: =RANK(DN12,DN$4:DN$503) -> 12 | DP12: CHOOSE RATING | DQ12: CHOOSE RATING | DR12: CHOOSE RATING | DS12: CHOOSE RATING | DT12: CHOOSE RATING | DU12: CHOOSE RATING | DV12: CHOOSE RATING | DW12: CHOOSE RATING | DX12: 2025/2026 | DY12: THIRD | DZ12: CHOOSE RATING | EA12: CHOOSE RATING | EB12: CHOOSE RATING | EC12: CHOOSE RATING | ED12: CHOOSE RATING | EE12: CHOOSE RATING | EF12: CHOOSE RATING | EG12: Add the Tutor's Comment . . . | EH12: Choose Principals comment | EI12: Mr. Akinwale Ibrahim | EJ12: Next Term Begins on Monday, 14th September, 2026.
A13: 10 | B13: ='1ST TERM Db'!B13 -> ADENIYI RUKAYAT | C13: ='1ST TERM Db'!C13 -> 2138 | D13: ='1ST TERM Db'!D13 -> FEMALE | E13: ='1ST TERM Db'!E13 -> SSS3C | I13: =G13-H13 -> 0 | L13: =SUM(J13:K13) -> 0 | M13: ='2ND TERM Db '!L13 -> 0 | N13: ='1ST TERM Db'!L13 -> 0 | O13: =IF(AND(L13=0,M13=0,N13=0),0,IF(AND(L13=0,M13=0),N13/1,IF(AND(L13=0,N13=0),M13/1,IF(AND(M13=0,N13=0),L13/1,IF(L13=0,FLOOR((M13+N13)/2,0.1),IF(M13=0,(L13+N13)/2,IF(N13=0,(M13+L13)/2,FLOOR(((L13+M13+N13)/3),0.1)))))))) -> 0 | R13: =SUM(P13:Q13) -> 0 | S13: ='2ND TERM Db '!O13 -> 0 | T13: ='1ST TERM Db'!O13 -> 0 | U13: =IF(AND(R13=0,S13=0,T13=0),0,IF(AND(R13=0,S13=0),T13/1,IF(AND(R13=0,T13=0),S13/1,IF(AND(S13=0,T13=0),R13/1,IF(R13=0,FLOOR((S13+T13)/2,0.1),IF(S13=0,(R13+T13)/2,IF(T13=0,(S13+R13)/2,FLOOR(((R13+S13+T13)/3),0.1)))))))) -> 0 | X13: =SUM(V13:W13) -> 0 | Y13: ='2ND TERM Db '!R13 -> 0 | Z13: ='1ST TERM Db'!R13 -> 0 | AA13: =IF(AND(X13=0,Y13=0,Z13=0),0,IF(AND(X13=0,Y13=0),Z13/1,IF(AND(X13=0,Z13=0),Y13/1,IF(AND(Y13=0,Z13=0),X13/1,IF(X13=0,FLOOR((Y13+Z13)/2,0.1),IF(Y13=0,(X13+Z13)/2,IF(Z13=0,(Y13+X13)/2,FLOOR(((X13+Y13+Z13)/3),0.1)))))))) -> 0 | AD13: =SUM(AB13:AC13) -> 0 | AE13: ='2ND TERM Db '!U13 -> 0 | AF13: ='1ST TERM Db'!U13 -> 0 | AG13: =IF(AND(AD13=0,AE13=0,AF13=0),0,IF(AND(AD13=0,AE13=0),AF13/1,IF(AND(AD13=0,AF13=0),AE13/1,IF(AND(AE13=0,AF13=0),AD13/1,IF(AD13=0,FLOOR((AE13+AF13)/2,0.1),IF(AE13=0,(AD13+AF13)/2,IF(AF13=0,(AE13+AD13)/2,FLOOR(((AD13+AE13+AF13)/3),0.1)))))))) -> 0 | AJ13: =SUM(AH13:AI13) -> 0 | AK13: ='2ND TERM Db '!X13 -> 0 | AL13: ='1ST TERM Db'!X13 -> 0 | AM13: =IF(AND(AJ13=0,AK13=0,AL13=0),0,IF(AND(AJ13=0,AK13=0),AL13/1,IF(AND(AJ13=0,AL13=0),AK13/1,IF(AND(AK13=0,AL13=0),AJ13/1,IF(AJ13=0,FLOOR((AK13+AL13)/2,0.1),IF(AK13=0,(AJ13+AL13)/2,IF(AL13=0,(AK13+AJ13)/2,FLOOR(((AJ13+AK13+AL13)/3),0.1)))))))) -> 0 | AP13: =SUM(AN13:AO13) -> 0 | AQ13: ='2ND TERM Db '!AA13 -> 0 | AR13: ='1ST TERM Db'!AA13 -> 0 | AS13: =IF(AND(AP13=0,AQ13=0,AR13=0),0,IF(AND(AP13=0,AQ13=0),AR13/1,IF(AND(AP13=0,AR13=0),AQ13/1,IF(AND(AQ13=0,AR13=0),AP13/1,IF(AP13=0,FLOOR((AQ13+AR13)/2,0.1),IF(AQ13=0,(AP13+AR13)/2,IF(AR13=0,(AQ13+AP13)/2,FLOOR(((AP13+AQ13+AR13)/3),0.1)))))))) -> 0 | AV13: =SUM(AT13:AU13) -> 0 | AW13: ='2ND TERM Db '!AD13 -> 0 | AX13: ='1ST TERM Db'!AD13 -> 0 | AY13: =IF(AND(AV13=0,AW13=0,AX13=0),0,IF(AND(AV13=0,AW13=0),AX13/1,IF(AND(AV13=0,AX13=0),AW13/1,IF(AND(AW13=0,AX13=0),AV13/1,IF(AV13=0,FLOOR((AW13+AX13)/2,0.1),IF(AW13=0,(AV13+AX13)/2,IF(AX13=0,(AW13+AV13)/2,FLOOR(((AV13+AW13+AX13)/3),0.1)))))))) -> 0 | BB13: =SUM(AZ13:BA13) -> 0 | BC13: ='2ND TERM Db '!AG13 -> 0 | BD13: ='1ST TERM Db'!AG13 -> 0 | BE13: =IF(AND(BB13=0,BC13=0,BD13=0),0,IF(AND(BB13=0,BC13=0),BD13/1,IF(AND(BB13=0,BD13=0),BC13/1,IF(AND(BC13=0,BD13=0),BB13/1,IF(BB13=0,FLOOR((BC13+BD13)/2,0.1),IF(BC13=0,(BB13+BD13)/2,IF(BD13=0,(BC13+BB13)/2,FLOOR(((BB13+BC13+BD13)/3),0.1)))))))) -> 0 | BH13: =SUM(BF13:BG13) -> 0 | BI13: ='2ND TERM Db '!AJ13 -> 0 | BJ13: ='1ST TERM Db'!AJ13 -> 0 | BK13: =IF(AND(BH13=0,BI13=0,BJ13=0),0,IF(AND(BH13=0,BI13=0),BJ13/1,IF(AND(BH13=0,BJ13=0),BI13/1,IF(AND(BI13=0,BJ13=0),BH13/1,IF(BH13=0,FLOOR((BI13+BJ13)/2,0.1),IF(BI13=0,(BH13+BJ13)/2,IF(BJ13=0,(BI13+BH13)/2,FLOOR(((BH13+BI13+BJ13)/3),0.1)))))))) -> 0 | BN13: =SUM(BL13:BM13) -> 0 | BO13: ='2ND TERM Db '!AM13 -> 0 | BP13: ='1ST TERM Db'!AM13 -> 0 | BQ13: =IF(AND(BN13=0,BO13=0,BP13=0),0,IF(AND(BN13=0,BO13=0),BP13/1,IF(AND(BN13=0,BP13=0),BO13/1,IF(AND(BO13=0,BP13=0),BN13/1,IF(BN13=0,FLOOR((BO13+BP13)/2,0.1),IF(BO13=0,(BN13+BP13)/2,IF(BP13=0,(BO13+BN13)/2,FLOOR(((BN13+BO13+BP13)/3),0.1)))))))) -> 0 | BT13: =SUM(BR13:BS13) -> 0 | BU13: ='2ND TERM Db '!AP13 -> 0 | BV13: ='1ST TERM Db'!AP13 -> 0 | BW13: =IF(AND(BT13=0,BU13=0,BV13=0),0,IF(AND(BT13=0,BU13=0),BV13/1,IF(AND(BT13=0,BV13=0),BU13/1,IF(AND(BU13=0,BV13=0),BT13/1,IF(BT13=0,FLOOR((BU13+BV13)/2,0.1),IF(BU13=0,(BT13+BV13)/2,IF(BV13=0,(BU13+BT13)/2,FLOOR(((BT13+BU13+BV13)/3),0.1)))))))) -> 0 | BZ13: =SUM(BX13:BY13) -> 0 | CA13: ='2ND TERM Db '!AS13 -> 0 | CB13: ='1ST TERM Db'!AS13 -> 0 | CC13: =IF(AND(BZ13=0,CA13=0,CB13=0),0,IF(AND(BZ13=0,CA13=0),CB13/1,IF(AND(BZ13=0,CB13=0),CA13/1,IF(AND(CA13=0,CB13=0),BZ13/1,IF(BZ13=0,FLOOR((CA13+CB13)/2,0.1),IF(CA13=0,(BZ13+CB13)/2,IF(CB13=0,(CA13+BZ13)/2,FLOOR(((BZ13+CA13+CB13)/3),0.1)))))))) -> 0 | CF13: =SUM(CD13:CE13) -> 0 | CG13: ='2ND TERM Db '!AV13 -> 0 | CH13: ='1ST TERM Db'!AV13 -> 0 | CI13: =IF(AND(CF13=0,CG13=0,CH13=0),0,IF(AND(CF13=0,CG13=0),CH13/1,IF(AND(CF13=0,CH13=0),CG13/1,IF(AND(CG13=0,CH13=0),CF13/1,IF(CF13=0,FLOOR((CG13+CH13)/2,0.1),IF(CG13=0,(CF13+CH13)/2,IF(CH13=0,(CG13+CF13)/2,FLOOR(((CF13+CG13+CH13)/3),0.1)))))))) -> 0 | CL13: =SUM(CJ13:CK13) -> 0 | CM13: ='2ND TERM Db '!AY13 -> 0 | CN13: ='1ST TERM Db'!AY13 -> 0 | CO13: =IF(AND(CL13=0,CM13=0,CN13=0),0,IF(AND(CL13=0,CM13=0),CN13/1,IF(AND(CL13=0,CN13=0),CM13/1,IF(AND(CM13=0,CN13=0),CL13/1,IF(CL13=0,FLOOR((CM13+CN13)/2,0.1),IF(CM13=0,(CL13+CN13)/2,IF(CN13=0,(CM13+CL13)/2,FLOOR(((CL13+CM13+CN13)/3),0.1)))))))) -> 0 | CR13: =SUM(CP13:CQ13) -> 0 | CS13: ='2ND TERM Db '!BB13 -> 0 | CT13: ='1ST TERM Db'!BB13 -> 0 | CU13: =IF(AND(CR13=0,CS13=0,CT13=0),0,IF(AND(CR13=0,CS13=0),CT13/1,IF(AND(CR13=0,CT13=0),CS13/1,IF(AND(CS13=0,CT13=0),CR13/1,IF(CR13=0,FLOOR((CS13+CT13)/2,0.1),IF(CS13=0,(CR13+CT13)/2,IF(CT13=0,(CS13+CR13)/2,FLOOR(((CR13+CS13+CT13)/3),0.1)))))))) -> 0 | CX13: =SUM(CV13:CW13) -> 0 | CY13: ='2ND TERM Db '!BE13 -> 0 | CZ13: ='1ST TERM Db'!BE13 -> 0 | DA13: =IF(AND(CX13=0,CY13=0,CZ13=0),0,IF(AND(CX13=0,CY13=0),CZ13/1,IF(AND(CX13=0,CZ13=0),CY13/1,IF(AND(CY13=0,CZ13=0),CX13/1,IF(CX13=0,FLOOR((CY13+CZ13)/2,0.1),IF(CY13=0,(CX13+CZ13)/2,IF(CZ13=0,(CY13+CX13)/2,FLOOR(((CX13+CY13+CZ13)/3),0.1)))))))) -> 0 | DD13: =SUM(DB13:DC13) -> 0 | DE13: ='2ND TERM Db '!BH13 -> 0 | DF13: ='1ST TERM Db'!BH13 -> 0 | DG13: =IF(AND(DD13=0,DE13=0,DF13=0),0,IF(AND(DD13=0,DE13=0),DF13/1,IF(AND(DD13=0,DF13=0),DE13/1,IF(AND(DE13=0,DF13=0),DD13/1,IF(DD13=0,FLOOR((DE13+DF13)/2,0.1),IF(DE13=0,(DD13+DF13)/2,IF(DF13=0,(DE13+DD13)/2,FLOOR(((DD13+DE13+DF13)/3),0.1)))))))) -> 0 | DJ13: =SUM(DH13:DI13) -> 0 | DK13: ='2ND TERM Db '!BK13 -> 0 | DL13: ='1ST TERM Db'!BK13 -> 0 | DM13: =IF(AND(DJ13=0,DK13=0,DL13=0),0,IF(AND(DJ13=0,DK13=0),DL13/1,IF(AND(DJ13=0,DL13=0),DK13/1,IF(AND(DK13=0,DL13=0),DJ13/1,IF(DJ13=0,FLOOR((DK13+DL13)/2,0.1),IF(DK13=0,(DJ13+DL13)/2,IF(DL13=0,(DK13+DJ13)/2,FLOOR(((DJ13+DK13+DL13)/3),0.1)))))))) -> 0 | DN13: =SUM(O13,U13,AA13,AG13,AM13,AS13,AY13,BE13,BK13,BQ13,BW13,CC13,CI13,CO13,CU13,DA13,DG13,DM13) -> 0 | DO13: =RANK(DN13,DN$4:DN$503) -> 12 | DP13: CHOOSE RATING | DQ13: CHOOSE RATING | DR13: CHOOSE RATING | DS13: CHOOSE RATING | DT13: CHOOSE RATING | DU13: CHOOSE RATING | DV13: CHOOSE RATING | DW13: CHOOSE RATING | DX13: 2025/2026 | DY13: THIRD | DZ13: CHOOSE RATING | EA13: CHOOSE RATING | EB13: CHOOSE RATING | EC13: CHOOSE RATING | ED13: CHOOSE RATING | EE13: CHOOSE RATING | EF13: CHOOSE RATING | EG13: Add the Tutor's Comment . . . | EH13: Choose Principals comment | EI13: Mr. Akinwale Ibrahim | EJ13: Next Term Begins on Monday, 14th September, 2026.
A14: 11 | B14: ='1ST TERM Db'!B14 -> ADEYEMI ADEDAYO | C14: ='1ST TERM Db'!C14 -> 2376 | D14: ='1ST TERM Db'!D14 -> FEMALE | E14: ='1ST TERM Db'!E14 -> SSS3C | I14: =G14-H14 -> 0 | L14: =SUM(J14:K14) -> 0 | M14: ='2ND TERM Db '!L14 -> 0 | N14: ='1ST TERM Db'!L14 -> 0 | O14: =IF(AND(L14=0,M14=0,N14=0),0,IF(AND(L14=0,M14=0),N14/1,IF(AND(L14=0,N14=0),M14/1,IF(AND(M14=0,N14=0),L14/1,IF(L14=0,FLOOR((M14+N14)/2,0.1),IF(M14=0,(L14+N14)/2,IF(N14=0,(M14+L14)/2,FLOOR(((L14+M14+N14)/3),0.1)))))))) -> 0 | R14: =SUM(P14:Q14) -> 0 | S14: ='2ND TERM Db '!O14 -> 0 | T14: ='1ST TERM Db'!O14 -> 0 | U14: =IF(AND(R14=0,S14=0,T14=0),0,IF(AND(R14=0,S14=0),T14/1,IF(AND(R14=0,T14=0),S14/1,IF(AND(S14=0,T14=0),R14/1,IF(R14=0,FLOOR((S14+T14)/2,0.1),IF(S14=0,(R14+T14)/2,IF(T14=0,(S14+R14)/2,FLOOR(((R14+S14+T14)/3),0.1)))))))) -> 0 | X14: =SUM(V14:W14) -> 0 | Y14: ='2ND TERM Db '!R14 -> 0 | Z14: ='1ST TERM Db'!R14 -> 0 | AA14: =IF(AND(X14=0,Y14=0,Z14=0),0,IF(AND(X14=0,Y14=0),Z14/1,IF(AND(X14=0,Z14=0),Y14/1,IF(AND(Y14=0,Z14=0),X14/1,IF(X14=0,FLOOR((Y14+Z14)/2,0.1),IF(Y14=0,(X14+Z14)/2,IF(Z14=0,(Y14+X14)/2,FLOOR(((X14+Y14+Z14)/3),0.1)))))))) -> 0 | AD14: =SUM(AB14:AC14) -> 0 | AE14: ='2ND TERM Db '!U14 -> 0 | AF14: ='1ST TERM Db'!U14 -> 0 | AG14: =IF(AND(AD14=0,AE14=0,AF14=0),0,IF(AND(AD14=0,AE14=0),AF14/1,IF(AND(AD14=0,AF14=0),AE14/1,IF(AND(AE14=0,AF14=0),AD14/1,IF(AD14=0,FLOOR((AE14+AF14)/2,0.1),IF(AE14=0,(AD14+AF14)/2,IF(AF14=0,(AE14+AD14)/2,FLOOR(((AD14+AE14+AF14)/3),0.1)))))))) -> 0 | AJ14: =SUM(AH14:AI14) -> 0 | AK14: ='2ND TERM Db '!X14 -> 0 | AL14: ='1ST TERM Db'!X14 -> 0 | AM14: =IF(AND(AJ14=0,AK14=0,AL14=0),0,IF(AND(AJ14=0,AK14=0),AL14/1,IF(AND(AJ14=0,AL14=0),AK14/1,IF(AND(AK14=0,AL14=0),AJ14/1,IF(AJ14=0,FLOOR((AK14+AL14)/2,0.1),IF(AK14=0,(AJ14+AL14)/2,IF(AL14=0,(AK14+AJ14)/2,FLOOR(((AJ14+AK14+AL14)/3),0.1)))))))) -> 0 | AP14: =SUM(AN14:AO14) -> 0 | AQ14: ='2ND TERM Db '!AA14 -> 0 | AR14: ='1ST TERM Db'!AA14 -> 0 | AS14: =IF(AND(AP14=0,AQ14=0,AR14=0),0,IF(AND(AP14=0,AQ14=0),AR14/1,IF(AND(AP14=0,AR14=0),AQ14/1,IF(AND(AQ14=0,AR14=0),AP14/1,IF(AP14=0,FLOOR((AQ14+AR14)/2,0.1),IF(AQ14=0,(AP14+AR14)/2,IF(AR14=0,(AQ14+AP14)/2,FLOOR(((AP14+AQ14+AR14)/3),0.1)))))))) -> 0 | AV14: =SUM(AT14:AU14) -> 0 | AW14: ='2ND TERM Db '!AD14 -> 0 | AX14: ='1ST TERM Db'!AD14 -> 0 | AY14: =IF(AND(AV14=0,AW14=0,AX14=0),0,IF(AND(AV14=0,AW14=0),AX14/1,IF(AND(AV14=0,AX14=0),AW14/1,IF(AND(AW14=0,AX14=0),AV14/1,IF(AV14=0,FLOOR((AW14+AX14)/2,0.1),IF(AW14=0,(AV14+AX14)/2,IF(AX14=0,(AW14+AV14)/2,FLOOR(((AV14+AW14+AX14)/3),0.1)))))))) -> 0 | BB14: =SUM(AZ14:BA14) -> 0 | BC14: ='2ND TERM Db '!AG14 -> 0 | BD14: ='1ST TERM Db'!AG14 -> 0 | BE14: =IF(AND(BB14=0,BC14=0,BD14=0),0,IF(AND(BB14=0,BC14=0),BD14/1,IF(AND(BB14=0,BD14=0),BC14/1,IF(AND(BC14=0,BD14=0),BB14/1,IF(BB14=0,FLOOR((BC14+BD14)/2,0.1),IF(BC14=0,(BB14+BD14)/2,IF(BD14=0,(BC14+BB14)/2,FLOOR(((BB14+BC14+BD14)/3),0.1)))))))) -> 0 | BH14: =SUM(BF14:BG14) -> 0 | BI14: ='2ND TERM Db '!AJ14 -> 0 | BJ14: ='1ST TERM Db'!AJ14 -> 0 | BK14: =IF(AND(BH14=0,BI14=0,BJ14=0),0,IF(AND(BH14=0,BI14=0),BJ14/1,IF(AND(BH14=0,BJ14=0),BI14/1,IF(AND(BI14=0,BJ14=0),BH14/1,IF(BH14=0,FLOOR((BI14+BJ14)/2,0.1),IF(BI14=0,(BH14+BJ14)/2,IF(BJ14=0,(BI14+BH14)/2,FLOOR(((BH14+BI14+BJ14)/3),0.1)))))))) -> 0 | BN14: =SUM(BL14:BM14) -> 0 | BO14: ='2ND TERM Db '!AM14 -> 0 | BP14: ='1ST TERM Db'!AM14 -> 0 | BQ14: =IF(AND(BN14=0,BO14=0,BP14=0),0,IF(AND(BN14=0,BO14=0),BP14/1,IF(AND(BN14=0,BP14=0),BO14/1,IF(AND(BO14=0,BP14=0),BN14/1,IF(BN14=0,FLOOR((BO14+BP14)/2,0.1),IF(BO14=0,(BN14+BP14)/2,IF(BP14=0,(BO14+BN14)/2,FLOOR(((BN14+BO14+BP14)/3),0.1)))))))) -> 0 | BT14: =SUM(BR14:BS14) -> 0 | BU14: ='2ND TERM Db '!AP14 -> 0 | BV14: ='1ST TERM Db'!AP14 -> 0 | BW14: =IF(AND(BT14=0,BU14=0,BV14=0),0,IF(AND(BT14=0,BU14=0),BV14/1,IF(AND(BT14=0,BV14=0),BU14/1,IF(AND(BU14=0,BV14=0),BT14/1,IF(BT14=0,FLOOR((BU14+BV14)/2,0.1),IF(BU14=0,(BT14+BV14)/2,IF(BV14=0,(BU14+BT14)/2,FLOOR(((BT14+BU14+BV14)/3),0.1)))))))) -> 0 | BZ14: =SUM(BX14:BY14) -> 0 | CA14: ='2ND TERM Db '!AS14 -> 0 | CB14: ='1ST TERM Db'!AS14 -> 0 | CC14: =IF(AND(BZ14=0,CA14=0,CB14=0),0,IF(AND(BZ14=0,CA14=0),CB14/1,IF(AND(BZ14=0,CB14=0),CA14/1,IF(AND(CA14=0,CB14=0),BZ14/1,IF(BZ14=0,FLOOR((CA14+CB14)/2,0.1),IF(CA14=0,(BZ14+CB14)/2,IF(CB14=0,(CA14+BZ14)/2,FLOOR(((BZ14+CA14+CB14)/3),0.1)))))))) -> 0 | CF14: =SUM(CD14:CE14) -> 0 | CG14: ='2ND TERM Db '!AV14 -> 0 | CH14: ='1ST TERM Db'!AV14 -> 0 | CI14: =IF(AND(CF14=0,CG14=0,CH14=0),0,IF(AND(CF14=0,CG14=0),CH14/1,IF(AND(CF14=0,CH14=0),CG14/1,IF(AND(CG14=0,CH14=0),CF14/1,IF(CF14=0,FLOOR((CG14+CH14)/2,0.1),IF(CG14=0,(CF14+CH14)/2,IF(CH14=0,(CG14+CF14)/2,FLOOR(((CF14+CG14+CH14)/3),0.1)))))))) -> 0 | CL14: =SUM(CJ14:CK14) -> 0 | CM14: ='2ND TERM Db '!AY14 -> 0 | CN14: ='1ST TERM Db'!AY14 -> 0 | CO14: =IF(AND(CL14=0,CM14=0,CN14=0),0,IF(AND(CL14=0,CM14=0),CN14/1,IF(AND(CL14=0,CN14=0),CM14/1,IF(AND(CM14=0,CN14=0),CL14/1,IF(CL14=0,FLOOR((CM14+CN14)/2,0.1),IF(CM14=0,(CL14+CN14)/2,IF(CN14=0,(CM14+CL14)/2,FLOOR(((CL14+CM14+CN14)/3),0.1)))))))) -> 0 | CR14: =SUM(CP14:CQ14) -> 0 | CS14: ='2ND TERM Db '!BB14 -> 0 | CT14: ='1ST TERM Db'!BB14 -> 0 | CU14: =IF(AND(CR14=0,CS14=0,CT14=0),0,IF(AND(CR14=0,CS14=0),CT14/1,IF(AND(CR14=0,CT14=0),CS14/1,IF(AND(CS14=0,CT14=0),CR14/1,IF(CR14=0,FLOOR((CS14+CT14)/2,0.1),IF(CS14=0,(CR14+CT14)/2,IF(CT14=0,(CS14+CR14)/2,FLOOR(((CR14+CS14+CT14)/3),0.1)))))))) -> 0 | CX14: =SUM(CV14:CW14) -> 0 | CY14: ='2ND TERM Db '!BE14 -> 0 | CZ14: ='1ST TERM Db'!BE14 -> 0 | DA14: =IF(AND(CX14=0,CY14=0,CZ14=0),0,IF(AND(CX14=0,CY14=0),CZ14/1,IF(AND(CX14=0,CZ14=0),CY14/1,IF(AND(CY14=0,CZ14=0),CX14/1,IF(CX14=0,FLOOR((CY14+CZ14)/2,0.1),IF(CY14=0,(CX14+CZ14)/2,IF(CZ14=0,(CY14+CX14)/2,FLOOR(((CX14+CY14+CZ14)/3),0.1)))))))) -> 0 | DD14: =SUM(DB14:DC14) -> 0 | DE14: ='2ND TERM Db '!BH14 -> 0 | DF14: ='1ST TERM Db'!BH14 -> 0 | DG14: =IF(AND(DD14=0,DE14=0,DF14=0),0,IF(AND(DD14=0,DE14=0),DF14/1,IF(AND(DD14=0,DF14=0),DE14/1,IF(AND(DE14=0,DF14=0),DD14/1,IF(DD14=0,FLOOR((DE14+DF14)/2,0.1),IF(DE14=0,(DD14+DF14)/2,IF(DF14=0,(DE14+DD14)/2,FLOOR(((DD14+DE14+DF14)/3),0.1)))))))) -> 0 | DJ14: =SUM(DH14:DI14) -> 0 | DK14: ='2ND TERM Db '!BK14 -> 0 | DL14: ='1ST TERM Db'!BK14 -> 0 | DM14: =IF(AND(DJ14=0,DK14=0,DL14=0),0,IF(AND(DJ14=0,DK14=0),DL14/1,IF(AND(DJ14=0,DL14=0),DK14/1,IF(AND(DK14=0,DL14=0),DJ14/1,IF(DJ14=0,FLOOR((DK14+DL14)/2,0.1),IF(DK14=0,(DJ14+DL14)/2,IF(DL14=0,(DK14+DJ14)/2,FLOOR(((DJ14+DK14+DL14)/3),0.1)))))))) -> 0 | DN14: =SUM(O14,U14,AA14,AG14,AM14,AS14,AY14,BE14,BK14,BQ14,BW14,CC14,CI14,CO14,CU14,DA14,DG14:DM14) -> 0 | DO14: =RANK(DN14,DN$4:DN$503) -> 12 | DP14: CHOOSE RATING | DQ14: CHOOSE RATING | DR14: CHOOSE RATING | DS14: CHOOSE RATING | DT14: CHOOSE RATING | DU14: CHOOSE RATING | DV14: CHOOSE RATING | DW14: CHOOSE RATING | DX14: 2025/2026 | DY14: THIRD | DZ14: CHOOSE RATING | EA14: CHOOSE RATING | EB14: CHOOSE RATING | EC14: CHOOSE RATING | ED14: CHOOSE RATING | EE14: CHOOSE RATING | EF14: CHOOSE RATING | EG14: Add the Tutor's Comment . . . | EH14: Choose Principals comment | EI14: Mr. Akinwale Ibrahim | EJ14: Next Term Begins on Monday, 14th September, 2026.
A15: 12 | B15: ='1ST TERM Db'!B15 -> AJAYI PROMISE | C15: ='1ST TERM Db'!C15 -> 2805 | D15: ='1ST TERM Db'!D15 -> FEMALE | E15: ='1ST TERM Db'!E15 -> SSS3C | I15: =G15-H15 -> 0 | L15: =SUM(J15:K15) -> 0 | M15: ='2ND TERM Db '!L15 -> 0 | N15: ='1ST TERM Db'!L15 -> 0 | O15: =IF(AND(L15=0,M15=0,N15=0),0,IF(AND(L15=0,M15=0),N15/1,IF(AND(L15=0,N15=0),M15/1,IF(AND(M15=0,N15=0),L15/1,IF(L15=0,FLOOR((M15+N15)/2,0.1),IF(M15=0,(L15+N15)/2,IF(N15=0,(M15+L15)/2,FLOOR(((L15+M15+N15)/3),0.1)))))))) -> 0 | R15: =SUM(P15:Q15) -> 0 | S15: ='2ND TERM Db '!O15 -> 0 | T15: ='1ST TERM Db'!O15 -> 0 | U15: =IF(AND(R15=0,S15=0,T15=0),0,IF(AND(R15=0,S15=0),T15/1,IF(AND(R15=0,T15=0),S15/1,IF(AND(S15=0,T15=0),R15/1,IF(R15=0,FLOOR((S15+T15)/2,0.1),IF(S15=0,(R15+T15)/2,IF(T15=0,(S15+R15)/2,FLOOR(((R15+S15+T15)/3),0.1)))))))) -> 0 | X15: =SUM(V15:W15) -> 0 | Y15: ='2ND TERM Db '!R15 -> 0 | Z15: ='1ST TERM Db'!R15 -> 0 | AA15: =IF(AND(X15=0,Y15=0,Z15=0),0,IF(AND(X15=0,Y15=0),Z15/1,IF(AND(X15=0,Z15=0),Y15/1,IF(AND(Y15=0,Z15=0),X15/1,IF(X15=0,FLOOR((Y15+Z15)/2,0.1),IF(Y15=0,(X15+Z15)/2,IF(Z15=0,(Y15+X15)/2,FLOOR(((X15+Y15+Z15)/3),0.1)))))))) -> 0 | AD15: =SUM(AB15:AC15) -> 0 | AE15: ='2ND TERM Db '!U15 -> 0 | AF15: ='1ST TERM Db'!U15 -> 0 | AG15: =IF(AND(AD15=0,AE15=0,AF15=0),0,IF(AND(AD15=0,AE15=0),AF15/1,IF(AND(AD15=0,AF15=0),AE15/1,IF(AND(AE15=0,AF15=0),AD15/1,IF(AD15=0,FLOOR((AE15+AF15)/2,0.1),IF(AE15=0,(AD15+AF15)/2,IF(AF15=0,(AE15+AD15)/2,FLOOR(((AD15+AE15+AF15)/3),0.1)))))))) -> 0 | AJ15: =SUM(AH15:AI15) -> 0 | AK15: ='2ND TERM Db '!X15 -> 0 | AL15: ='1ST TERM Db'!X15 -> 0 | AM15: =IF(AND(AJ15=0,AK15=0,AL15=0),0,IF(AND(AJ15=0,AK15=0),AL15/1,IF(AND(AJ15=0,AL15=0),AK15/1,IF(AND(AK15=0,AL15=0),AJ15/1,IF(AJ15=0,FLOOR((AK15+AL15)/2,0.1),IF(AK15=0,(AJ15+AL15)/2,IF(AL15=0,(AK15+AJ15)/2,FLOOR(((AJ15+AK15+AL15)/3),0.1)))))))) -> 0 | AP15: =SUM(AN15:AO15) -> 0 | AQ15: ='2ND TERM Db '!AA15 -> 0 | AR15: ='1ST TERM Db'!AA15 -> 0 | AS15: =IF(AND(AP15=0,AQ15=0,AR15=0),0,IF(AND(AP15=0,AQ15=0),AR15/1,IF(AND(AP15=0,AR15=0),AQ15/1,IF(AND(AQ15=0,AR15=0),AP15/1,IF(AP15=0,FLOOR((AQ15+AR15)/2,0.1),IF(AQ15=0,(AP15+AR15)/2,IF(AR15=0,(AQ15+AP15)/2,FLOOR(((AP15+AQ15+AR15)/3),0.1)))))))) -> 0 | AV15: =SUM(AT15:AU15) -> 0 | AW15: ='2ND TERM Db '!AD15 -> 0 | AX15: ='1ST TERM Db'!AD15 -> 0 | AY15: =IF(AND(AV15=0,AW15=0,AX15=0),0,IF(AND(AV15=0,AW15=0),AX15/1,IF(AND(AV15=0,AX15=0),AW15/1,IF(AND(AW15=0,AX15=0),AV15/1,IF(AV15=0,FLOOR((AW15+AX15)/2,0.1),IF(AW15=0,(AV15+AX15)/2,IF(AX15=0,(AW15+AV15)/2,FLOOR(((AV15+AW15+AX15)/3),0.1)))))))) -> 0 | BB15: =SUM(AZ15:BA15) -> 0 | BC15: ='2ND TERM Db '!AG15 -> 0 | BD15: ='1ST TERM Db'!AG15 -> 0 | BE15: =IF(AND(BB15=0,BC15=0,BD15=0),0,IF(AND(BB15=0,BC15=0),BD15/1,IF(AND(BB15=0,BD15=0),BC15/1,IF(AND(BC15=0,BD15=0),BB15/1,IF(BB15=0,FLOOR((BC15+BD15)/2,0.1),IF(BC15=0,(BB15+BD15)/2,IF(BD15=0,(BC15+BB15)/2,FLOOR(((BB15+BC15+BD15)/3),0.1)))))))) -> 0 | BH15: =SUM(BF15:BG15) -> 0 | BI15: ='2ND TERM Db '!AJ15 -> 0 | BJ15: ='1ST TERM Db'!AJ15 -> 40 | BK15: =IF(AND(BH15=0,BI15=0,BJ15=0),0,IF(AND(BH15=0,BI15=0),BJ15/1,IF(AND(BH15=0,BJ15=0),BI15/1,IF(AND(BI15=0,BJ15=0),BH15/1,IF(BH15=0,FLOOR((BI15+BJ15)/2,0.1),IF(BI15=0,(BH15+BJ15)/2,IF(BJ15=0,(BI15+BH15)/2,FLOOR(((BH15+BI15+BJ15)/3),0.1)))))))) -> 40 | BN15: =SUM(BL15:BM15) -> 0 | BO15: ='2ND TERM Db '!AM15 -> 0 | BP15: ='1ST TERM Db'!AM15 -> 0 | BQ15: =IF(AND(BN15=0,BO15=0,BP15=0),0,IF(AND(BN15=0,BO15=0),BP15/1,IF(AND(BN15=0,BP15=0),BO15/1,IF(AND(BO15=0,BP15=0),BN15/1,IF(BN15=0,FLOOR((BO15+BP15)/2,0.1),IF(BO15=0,(BN15+BP15)/2,IF(BP15=0,(BO15+BN15)/2,FLOOR(((BN15+BO15+BP15)/3),0.1)))))))) -> 0 | BT15: =SUM(BR15:BS15) -> 0 | BU15: ='2ND TERM Db '!AP15 -> 0 | BV15: ='1ST TERM Db'!AP15 -> 0 | BW15: =IF(AND(BT15=0,BU15=0,BV15=0),0,IF(AND(BT15=0,BU15=0),BV15/1,IF(AND(BT15=0,BV15=0),BU15/1,IF(AND(BU15=0,BV15=0),BT15/1,IF(BT15=0,FLOOR((BU15+BV15)/2,0.1),IF(BU15=0,(BT15+BV15)/2,IF(BV15=0,(BU15+BT15)/2,FLOOR(((BT15+BU15+BV15)/3),0.1)))))))) -> 0 | BZ15: =SUM(BX15:BY15) -> 0 | CA15: ='2ND TERM Db '!AS15 -> 0 | CB15: ='1ST TERM Db'!AS15 -> 0 | CC15: =IF(AND(BZ15=0,CA15=0,CB15=0),0,IF(AND(BZ15=0,CA15=0),CB15/1,IF(AND(BZ15=0,CB15=0),CA15/1,IF(AND(CA15=0,CB15=0),BZ15/1,IF(BZ15=0,FLOOR((CA15+CB15)/2,0.1),IF(CA15=0,(BZ15+CB15)/2,IF(CB15=0,(CA15+BZ15)/2,FLOOR(((BZ15+CA15+CB15)/3),0.1)))))))) -> 0 | CF15: =SUM(CD15:CE15) -> 0 | CG15: ='2ND TERM Db '!AV15 -> 0 | CH15: ='1ST TERM Db'!AV15 -> 0 | CI15: =IF(AND(CF15=0,CG15=0,CH15=0),0,IF(AND(CF15=0,CG15=0),CH15/1,IF(AND(CF15=0,CH15=0),CG15/1,IF(AND(CG15=0,CH15=0),CF15/1,IF(CF15=0,FLOOR((CG15+CH15)/2,0.1),IF(CG15=0,(CF15+CH15)/2,IF(CH15=0,(CG15+CF15)/2,FLOOR(((CF15+CG15+CH15)/3),0.1)))))))) -> 0 | CL15: =SUM(CJ15:CK15) -> 0 | CM15: ='2ND TERM Db '!AY15 -> 0 | CN15: ='1ST TERM Db'!AY15 -> 0 | CO15: =IF(AND(CL15=0,CM15=0,CN15=0),0,IF(AND(CL15=0,CM15=0),CN15/1,IF(AND(CL15=0,CN15=0),CM15/1,IF(AND(CM15=0,CN15=0),CL15/1,IF(CL15=0,FLOOR((CM15+CN15)/2,0.1),IF(CM15=0,(CL15+CN15)/2,IF(CN15=0,(CM15+CL15)/2,FLOOR(((CL15+CM15+CN15)/3),0.1)))))))) -> 0 | CR15: =SUM(CP15:CQ15) -> 0 | CS15: ='2ND TERM Db '!BB15 -> 0 | CT15: ='1ST TERM Db'!BB15 -> 0 | CU15: =IF(AND(CR15=0,CS15=0,CT15=0),0,IF(AND(CR15=0,CS15=0),CT15/1,IF(AND(CR15=0,CT15=0),CS15/1,IF(AND(CS15=0,CT15=0),CR15/1,IF(CR15=0,FLOOR((CS15+CT15)/2,0.1),IF(CS15=0,(CR15+CT15)/2,IF(CT15=0,(CS15+CR15)/2,FLOOR(((CR15+CS15+CT15)/3),0.1)))))))) -> 0 | CX15: =SUM(CV15:CW15) -> 0 | CY15: ='2ND TERM Db '!BE15 -> 0 | CZ15: ='1ST TERM Db'!BE15 -> 0 | DA15: =IF(AND(CX15=0,CY15=0,CZ15=0),0,IF(AND(CX15=0,CY15=0),CZ15/1,IF(AND(CX15=0,CZ15=0),CY15/1,IF(AND(CY15=0,CZ15=0),CX15/1,IF(CX15=0,FLOOR((CY15+CZ15)/2,0.1),IF(CY15=0,(CX15+CZ15)/2,IF(CZ15=0,(CY15+CX15)/2,FLOOR(((CX15+CY15+CZ15)/3),0.1)))))))) -> 0 | DD15: =SUM(DB15:DC15) -> 0 | DE15: ='2ND TERM Db '!BH15 -> 0 | DF15: ='1ST TERM Db'!BH15 -> 0 | DG15: =IF(AND(DD15=0,DE15=0,DF15=0),0,IF(AND(DD15=0,DE15=0),DF15/1,IF(AND(DD15=0,DF15=0),DE15/1,IF(AND(DE15=0,DF15=0),DD15/1,IF(DD15=0,FLOOR((DE15+DF15)/2,0.1),IF(DE15=0,(DD15+DF15)/2,IF(DF15=0,(DE15+DD15)/2,FLOOR(((DD15+DE15+DF15)/3),0.1)))))))) -> 0 | DJ15: =SUM(DH15:DI15) -> 0 | DK15: ='2ND TERM Db '!BK15 -> 0 | DL15: ='1ST TERM Db'!BK15 -> 0 | DM15: =IF(AND(DJ15=0,DK15=0,DL15=0),0,IF(AND(DJ15=0,DK15=0),DL15/1,IF(AND(DJ15=0,DL15=0),DK15/1,IF(AND(DK15=0,DL15=0),DJ15/1,IF(DJ15=0,FLOOR((DK15+DL15)/2,0.1),IF(DK15=0,(DJ15+DL15)/2,IF(DL15=0,(DK15+DJ15)/2,FLOOR(((DJ15+DK15+DL15)/3),0.1)))))))) -> 0 | DN15: =SUM(O15,U15,AA15,AG15,AM15,AS15,AY15,BE15,BK15,BQ15,BW15,CC15,CI15,CO15,CU15,DA15,DG15,DM15) -> 40 | DO15: =RANK(DN15,DN$4:DN$503) -> 6 | DP15: CHOOSE RATING | DQ15: CHOOSE RATING | DR15: CHOOSE RATING | DS15: CHOOSE RATING | DT15: CHOOSE RATING | DU15: CHOOSE RATING | DV15: CHOOSE RATING | DW15: CHOOSE RATING | DX15: 2025/2026 | DY15: THIRD | DZ15: CHOOSE RATING | EA15: CHOOSE RATING | EB15: CHOOSE RATING | EC15: CHOOSE RATING | ED15: CHOOSE RATING | EE15: CHOOSE RATING | EF15: CHOOSE RATING | EG15: Add the Tutor's Comment . . . | EH15: Choose Principals comment | EI15: Mr. Akinwale Ibrahim | EJ15: Next Term Begins on Monday, 14th September, 2026.
A16: 13 | B16: ='1ST TERM Db'!B16 -> AKEEM BASIRAT | C16: ='1ST TERM Db'!C16 -> 2337 | D16: ='1ST TERM Db'!D16 -> FEMALE | E16: ='1ST TERM Db'!E16 -> SSS3C | I16: =G16-H16 -> 0 | L16: =SUM(J16:K16) -> 0 | M16: ='2ND TERM Db '!L16 -> 0 | N16: ='1ST TERM Db'!L16 -> 0 | O16: =IF(AND(L16=0,M16=0,N16=0),0,IF(AND(L16=0,M16=0),N16/1,IF(AND(L16=0,N16=0),M16/1,IF(AND(M16=0,N16=0),L16/1,IF(L16=0,FLOOR((M16+N16)/2,0.1),IF(M16=0,(L16+N16)/2,IF(N16=0,(M16+L16)/2,FLOOR(((L16+M16+N16)/3),0.1)))))))) -> 0 | R16: =SUM(P16:Q16) -> 0 | S16: ='2ND TERM Db '!O16 -> 0 | T16: ='1ST TERM Db'!O16 -> 0 | U16: =IF(AND(R16=0,S16=0,T16=0),0,IF(AND(R16=0,S16=0),T16/1,IF(AND(R16=0,T16=0),S16/1,IF(AND(S16=0,T16=0),R16/1,IF(R16=0,FLOOR((S16+T16)/2,0.1),IF(S16=0,(R16+T16)/2,IF(T16=0,(S16+R16)/2,FLOOR(((R16+S16+T16)/3),0.1)))))))) -> 0 | X16: =SUM(V16:W16) -> 0 | Y16: ='2ND TERM Db '!R16 -> 0 | Z16: ='1ST TERM Db'!R16 -> 0 | AA16: =IF(AND(X16=0,Y16=0,Z16=0),0,IF(AND(X16=0,Y16=0),Z16/1,IF(AND(X16=0,Z16=0),Y16/1,IF(AND(Y16=0,Z16=0),X16/1,IF(X16=0,FLOOR((Y16+Z16)/2,0.1),IF(Y16=0,(X16+Z16)/2,IF(Z16=0,(Y16+X16)/2,FLOOR(((X16+Y16+Z16)/3),0.1)))))))) -> 0 | AD16: =SUM(AB16:AC16) -> 0 | AE16: ='2ND TERM Db '!U16 -> 0 | AF16: ='1ST TERM Db'!U16 -> 0 | AG16: =IF(AND(AD16=0,AE16=0,AF16=0),0,IF(AND(AD16=0,AE16=0),AF16/1,IF(AND(AD16=0,AF16=0),AE16/1,IF(AND(AE16=0,AF16=0),AD16/1,IF(AD16=0,FLOOR((AE16+AF16)/2,0.1),IF(AE16=0,(AD16+AF16)/2,IF(AF16=0,(AE16+AD16)/2,FLOOR(((AD16+AE16+AF16)/3),0.1)))))))) -> 0 | AJ16: =SUM(AH16:AI16) -> 0 | AK16: ='2ND TERM Db '!X16 -> 0 | AL16: ='1ST TERM Db'!X16 -> 0 | AM16: =IF(AND(AJ16=0,AK16=0,AL16=0),0,IF(AND(AJ16=0,AK16=0),AL16/1,IF(AND(AJ16=0,AL16=0),AK16/1,IF(AND(AK16=0,AL16=0),AJ16/1,IF(AJ16=0,FLOOR((AK16+AL16)/2,0.1),IF(AK16=0,(AJ16+AL16)/2,IF(AL16=0,(AK16+AJ16)/2,FLOOR(((AJ16+AK16+AL16)/3),0.1)))))))) -> 0 | AP16: =SUM(AN16:AO16) -> 0 | AQ16: ='2ND TERM Db '!AA16 -> 0 | AR16: ='1ST TERM Db'!AA16 -> 0 | AS16: =IF(AND(AP16=0,AQ16=0,AR16=0),0,IF(AND(AP16=0,AQ16=0),AR16/1,IF(AND(AP16=0,AR16=0),AQ16/1,IF(AND(AQ16=0,AR16=0),AP16/1,IF(AP16=0,FLOOR((AQ16+AR16)/2,0.1),IF(AQ16=0,(AP16+AR16)/2,IF(AR16=0,(AQ16+AP16)/2,FLOOR(((AP16+AQ16+AR16)/3),0.1)))))))) -> 0 | AV16: =SUM(AT16:AU16) -> 0 | AW16: ='2ND TERM Db '!AD16 -> 0 | AX16: ='1ST TERM Db'!AD16 -> 0 | AY16: =IF(AND(AV16=0,AW16=0,AX16=0),0,IF(AND(AV16=0,AW16=0),AX16/1,IF(AND(AV16=0,AX16=0),AW16/1,IF(AND(AW16=0,AX16=0),AV16/1,IF(AV16=0,FLOOR((AW16+AX16)/2,0.1),IF(AW16=0,(AV16+AX16)/2,IF(AX16=0,(AW16+AV16)/2,FLOOR(((AV16+AW16+AX16)/3),0.1)))))))) -> 0 | BB16: =SUM(AZ16:BA16) -> 0 | BC16: ='2ND TERM Db '!AG16 -> 0 | BD16: ='1ST TERM Db'!AG16 -> 0 | BE16: =IF(AND(BB16=0,BC16=0,BD16=0),0,IF(AND(BB16=0,BC16=0),BD16/1,IF(AND(BB16=0,BD16=0),BC16/1,IF(AND(BC16=0,BD16=0),BB16/1,IF(BB16=0,FLOOR((BC16+BD16)/2,0.1),IF(BC16=0,(BB16+BD16)/2,IF(BD16=0,(BC16+BB16)/2,FLOOR(((BB16+BC16+BD16)/3),0.1)))))))) -> 0 | BH16: =SUM(BF16:BG16) -> 0 | BI16: ='2ND TERM Db '!AJ16 -> 0 | BJ16: ='1ST TERM Db'!AJ16 -> 0 | BK16: =IF(AND(BH16=0,BI16=0,BJ16=0),0,IF(AND(BH16=0,BI16=0),BJ16/1,IF(AND(BH16=0,BJ16=0),BI16/1,IF(AND(BI16=0,BJ16=0),BH16/1,IF(BH16=0,FLOOR((BI16+BJ16)/2,0.1),IF(BI16=0,(BH16+BJ16)/2,IF(BJ16=0,(BI16+BH16)/2,FLOOR(((BH16+BI16+BJ16)/3),0.1)))))))) -> 0 | BN16: =SUM(BL16:BM16) -> 0 | BO16: ='2ND TERM Db '!AM16 -> 0 | BP16: ='1ST TERM Db'!AM16 -> 0 | BQ16: =IF(AND(BN16=0,BO16=0,BP16=0),0,IF(AND(BN16=0,BO16=0),BP16/1,IF(AND(BN16=0,BP16=0),BO16/1,IF(AND(BO16=0,BP16=0),BN16/1,IF(BN16=0,FLOOR((BO16+BP16)/2,0.1),IF(BO16=0,(BN16+BP16)/2,IF(BP16=0,(BO16+BN16)/2,FLOOR(((BN16+BO16+BP16)/3),0.1)))))))) -> 0 | BT16: =SUM(BR16:BS16) -> 0 | BU16: ='2ND TERM Db '!AP16 -> 0 | BV16: ='1ST TERM Db'!AP16 -> 0 | BW16: =IF(AND(BT16=0,BU16=0,BV16=0),0,IF(AND(BT16=0,BU16=0),BV16/1,IF(AND(BT16=0,BV16=0),BU16/1,IF(AND(BU16=0,BV16=0),BT16/1,IF(BT16=0,FLOOR((BU16+BV16)/2,0.1),IF(BU16=0,(BT16+BV16)/2,IF(BV16=0,(BU16+BT16)/2,FLOOR(((BT16+BU16+BV16)/3),0.1)))))))) -> 0 | BZ16: =SUM(BX16:BY16) -> 0 | CA16: ='2ND TERM Db '!AS16 -> 0 | CB16: ='1ST TERM Db'!AS16 -> 0 | CC16: =IF(AND(BZ16=0,CA16=0,CB16=0),0,IF(AND(BZ16=0,CA16=0),CB16/1,IF(AND(BZ16=0,CB16=0),CA16/1,IF(AND(CA16=0,CB16=0),BZ16/1,IF(BZ16=0,FLOOR((CA16+CB16)/2,0.1),IF(CA16=0,(BZ16+CB16)/2,IF(CB16=0,(CA16+BZ16)/2,FLOOR(((BZ16+CA16+CB16)/3),0.1)))))))) -> 0 | CF16: =SUM(CD16:CE16) -> 0 | CG16: ='2ND TERM Db '!AV16 -> 0 | CH16: ='1ST TERM Db'!AV16 -> 0 | CI16: =IF(AND(CF16=0,CG16=0,CH16=0),0,IF(AND(CF16=0,CG16=0),CH16/1,IF(AND(CF16=0,CH16=0),CG16/1,IF(AND(CG16=0,CH16=0),CF16/1,IF(CF16=0,FLOOR((CG16+CH16)/2,0.1),IF(CG16=0,(CF16+CH16)/2,IF(CH16=0,(CG16+CF16)/2,FLOOR(((CF16+CG16+CH16)/3),0.1)))))))) -> 0 | CL16: =SUM(CJ16:CK16) -> 0 | CM16: ='2ND TERM Db '!AY16 -> 0 | CN16: ='1ST TERM Db'!AY16 -> 0 | CO16: =IF(AND(CL16=0,CM16=0,CN16=0),0,IF(AND(CL16=0,CM16=0),CN16/1,IF(AND(CL16=0,CN16=0),CM16/1,IF(AND(CM16=0,CN16=0),CL16/1,IF(CL16=0,FLOOR((CM16+CN16)/2,0.1),IF(CM16=0,(CL16+CN16)/2,IF(CN16=0,(CM16+CL16)/2,FLOOR(((CL16+CM16+CN16)/3),0.1)))))))) -> 0 | CR16: =SUM(CP16:CQ16) -> 0 | CS16: ='2ND TERM Db '!BB16 -> 0 | CT16: ='1ST TERM Db'!BB16 -> 0 | CU16: =IF(AND(CR16=0,CS16=0,CT16=0),0,IF(AND(CR16=0,CS16=0),CT16/1,IF(AND(CR16=0,CT16=0),CS16/1,IF(AND(CS16=0,CT16=0),CR16/1,IF(CR16=0,FLOOR((CS16+CT16)/2,0.1),IF(CS16=0,(CR16+CT16)/2,IF(CT16=0,(CS16+CR16)/2,FLOOR(((CR16+CS16+CT16)/3),0.1)))))))) -> 0 | CX16: =SUM(CV16:CW16) -> 0 | CY16: ='2ND TERM Db '!BE16 -> 0 | CZ16: ='1ST TERM Db'!BE16 -> 0 | DA16: =IF(AND(CX16=0,CY16=0,CZ16=0),0,IF(AND(CX16=0,CY16=0),CZ16/1,IF(AND(CX16=0,CZ16=0),CY16/1,IF(AND(CY16=0,CZ16=0),CX16/1,IF(CX16=0,FLOOR((CY16+CZ16)/2,0.1),IF(CY16=0,(CX16+CZ16)/2,IF(CZ16=0,(CY16+CX16)/2,FLOOR(((CX16+CY16+CZ16)/3),0.1)))))))) -> 0 | DD16: =SUM(DB16:DC16) -> 0 | DE16: ='2ND TERM Db '!BH16 -> 0 | DF16: ='1ST TERM Db'!BH16 -> 0 | DG16: =IF(AND(DD16=0,DE16=0,DF16=0),0,IF(AND(DD16=0,DE16=0),DF16/1,IF(AND(DD16=0,DF16=0),DE16/1,IF(AND(DE16=0,DF16=0),DD16/1,IF(DD16=0,FLOOR((DE16+DF16)/2,0.1),IF(DE16=0,(DD16+DF16)/2,IF(DF16=0,(DE16+DD16)/2,FLOOR(((DD16+DE16+DF16)/3),0.1)))))))) -> 0 | DJ16: =SUM(DH16:DI16) -> 0 | DK16: ='2ND TERM Db '!BK16 -> 0 | DL16: ='1ST TERM Db'!BK16 -> 0 | DM16: =IF(AND(DJ16=0,DK16=0,DL16=0),0,IF(AND(DJ16=0,DK16=0),DL16/1,IF(AND(DJ16=0,DL16=0),DK16/1,IF(AND(DK16=0,DL16=0),DJ16/1,IF(DJ16=0,FLOOR((DK16+DL16)/2,0.1),IF(DK16=0,(DJ16+DL16)/2,IF(DL16=0,(DK16+DJ16)/2,FLOOR(((DJ16+DK16+DL16)/3),0.1)))))))) -> 0 | DN16: =SUM(O16,U16,AA16,AG16,AM16,AS16,AY16,BE16,BK16,BQ16,BW16,CC16,CI16,CO16,CU16,DA16,DG16:DM16) -> 0 | DO16: =RANK(DN16,DN$4:DN$503) -> 12 | DP16: CHOOSE RATING | DQ16: CHOOSE RATING | DR16: CHOOSE RATING | DS16: CHOOSE RATING | DT16: CHOOSE RATING | DU16: CHOOSE RATING | DV16: CHOOSE RATING | DW16: CHOOSE RATING | DX16: 2025/2026 | DY16: THIRD | DZ16: CHOOSE RATING | EA16: CHOOSE RATING | EB16: CHOOSE RATING | EC16: CHOOSE RATING | ED16: CHOOSE RATING | EE16: CHOOSE RATING | EF16: CHOOSE RATING | EG16: Add the Tutor's Comment . . . | EH16: Choose Principals comment | EI16: Mr. Akinwale Ibrahim | EJ16: Next Term Begins on Monday, 14th September, 2026.
A17: 14 | B17: ='1ST TERM Db'!B17 -> AREMU AISHAT | C17: ='1ST TERM Db'!C17 -> 2294 | D17: ='1ST TERM Db'!D17 -> FEMALE | E17: ='1ST TERM Db'!E17 -> SSS3C | I17: =G17-H17 -> 0 | L17: =SUM(J17:K17) -> 0 | M17: ='2ND TERM Db '!L17 -> 0 | N17: ='1ST TERM Db'!L17 -> 0 | O17: =IF(AND(L17=0,M17=0,N17=0),0,IF(AND(L17=0,M17=0),N17/1,IF(AND(L17=0,N17=0),M17/1,IF(AND(M17=0,N17=0),L17/1,IF(L17=0,FLOOR((M17+N17)/2,0.1),IF(M17=0,(L17+N17)/2,IF(N17=0,(M17+L17)/2,FLOOR(((L17+M17+N17)/3),0.1)))))))) -> 0 | R17: =SUM(P17:Q17) -> 0 | S17: ='2ND TERM Db '!O17 -> 0 | T17: ='1ST TERM Db'!O17 -> 0 | U17: =IF(AND(R17=0,S17=0,T17=0),0,IF(AND(R17=0,S17=0),T17/1,IF(AND(R17=0,T17=0),S17/1,IF(AND(S17=0,T17=0),R17/1,IF(R17=0,FLOOR((S17+T17)/2,0.1),IF(S17=0,(R17+T17)/2,IF(T17=0,(S17+R17)/2,FLOOR(((R17+S17+T17)/3),0.1)))))))) -> 0 | X17: =SUM(V17:W17) -> 0 | Y17: ='2ND TERM Db '!R17 -> 0 | Z17: ='1ST TERM Db'!R17 -> 0 | AA17: =IF(AND(X17=0,Y17=0,Z17=0),0,IF(AND(X17=0,Y17=0),Z17/1,IF(AND(X17=0,Z17=0),Y17/1,IF(AND(Y17=0,Z17=0),X17/1,IF(X17=0,FLOOR((Y17+Z17)/2,0.1),IF(Y17=0,(X17+Z17)/2,IF(Z17=0,(Y17+X17)/2,FLOOR(((X17+Y17+Z17)/3),0.1)))))))) -> 0 | AD17: =SUM(AB17:AC17) -> 0 | AE17: ='2ND TERM Db '!U17 -> 0 | AF17: ='1ST TERM Db'!U17 -> 0 | AG17: =IF(AND(AD17=0,AE17=0,AF17=0),0,IF(AND(AD17=0,AE17=0),AF17/1,IF(AND(AD17=0,AF17=0),AE17/1,IF(AND(AE17=0,AF17=0),AD17/1,IF(AD17=0,FLOOR((AE17+AF17)/2,0.1),IF(AE17=0,(AD17+AF17)/2,IF(AF17=0,(AE17+AD17)/2,FLOOR(((AD17+AE17+AF17)/3),0.1)))))))) -> 0 | AJ17: =SUM(AH17:AI17) -> 0 | AK17: ='2ND TERM Db '!X17 -> 0 | AL17: ='1ST TERM Db'!X17 -> 0 | AM17: =IF(AND(AJ17=0,AK17=0,AL17=0),0,IF(AND(AJ17=0,AK17=0),AL17/1,IF(AND(AJ17=0,AL17=0),AK17/1,IF(AND(AK17=0,AL17=0),AJ17/1,IF(AJ17=0,FLOOR((AK17+AL17)/2,0.1),IF(AK17=0,(AJ17+AL17)/2,IF(AL17=0,(AK17+AJ17)/2,FLOOR(((AJ17+AK17+AL17)/3),0.1)))))))) -> 0 | AP17: =SUM(AN17:AO17) -> 0 | AQ17: ='2ND TERM Db '!AA17 -> 0 | AR17: ='1ST TERM Db'!AA17 -> 0 | AS17: =IF(AND(AP17=0,AQ17=0,AR17=0),0,IF(AND(AP17=0,AQ17=0),AR17/1,IF(AND(AP17=0,AR17=0),AQ17/1,IF(AND(AQ17=0,AR17=0),AP17/1,IF(AP17=0,FLOOR((AQ17+AR17)/2,0.1),IF(AQ17=0,(AP17+AR17)/2,IF(AR17=0,(AQ17+AP17)/2,FLOOR(((AP17+AQ17+AR17)/3),0.1)))))))) -> 0 | AV17: =SUM(AT17:AU17) -> 0 | AW17: ='2ND TERM Db '!AD17 -> 0 | AX17: ='1ST TERM Db'!AD17 -> 0 | AY17: =IF(AND(AV17=0,AW17=0,AX17=0),0,IF(AND(AV17=0,AW17=0),AX17/1,IF(AND(AV17=0,AX17=0),AW17/1,IF(AND(AW17=0,AX17=0),AV17/1,IF(AV17=0,FLOOR((AW17+AX17)/2,0.1),IF(AW17=0,(AV17+AX17)/2,IF(AX17=0,(AW17+AV17)/2,FLOOR(((AV17+AW17+AX17)/3),0.1)))))))) -> 0 | BB17: =SUM(AZ17:BA17) -> 0 | BC17: ='2ND TERM Db '!AG17 -> 0 | BD17: ='1ST TERM Db'!AG17 -> 0 | BE17: =IF(AND(BB17=0,BC17=0,BD17=0),0,IF(AND(BB17=0,BC17=0),BD17/1,IF(AND(BB17=0,BD17=0),BC17/1,IF(AND(BC17=0,BD17=0),BB17/1,IF(BB17=0,FLOOR((BC17+BD17)/2,0.1),IF(BC17=0,(BB17+BD17)/2,IF(BD17=0,(BC17+BB17)/2,FLOOR(((BB17+BC17+BD17)/3),0.1)))))))) -> 0 | BH17: =SUM(BF17:BG17) -> 0 | BI17: ='2ND TERM Db '!AJ17 -> 0 | BJ17: ='1ST TERM Db'!AJ17 -> 28 | BK17: =IF(AND(BH17=0,BI17=0,BJ17=0),0,IF(AND(BH17=0,BI17=0),BJ17/1,IF(AND(BH17=0,BJ17=0),BI17/1,IF(AND(BI17=0,BJ17=0),BH17/1,IF(BH17=0,FLOOR((BI17+BJ17)/2,0.1),IF(BI17=0,(BH17+BJ17)/2,IF(BJ17=0,(BI17+BH17)/2,FLOOR(((BH17+BI17+BJ17)/3),0.1)))))))) -> 28 | BN17: =SUM(BL17:BM17) -> 0 | BO17: ='2ND TERM Db '!AM17 -> 0 | BP17: ='1ST TERM Db'!AM17 -> 0 | BQ17: =IF(AND(BN17=0,BO17=0,BP17=0),0,IF(AND(BN17=0,BO17=0),BP17/1,IF(AND(BN17=0,BP17=0),BO17/1,IF(AND(BO17=0,BP17=0),BN17/1,IF(BN17=0,FLOOR((BO17+BP17)/2,0.1),IF(BO17=0,(BN17+BP17)/2,IF(BP17=0,(BO17+BN17)/2,FLOOR(((BN17+BO17+BP17)/3),0.1)))))))) -> 0 | BT17: =SUM(BR17:BS17) -> 0 | BU17: ='2ND TERM Db '!AP17 -> 0 | BV17: ='1ST TERM Db'!AP17 -> 0 | BW17: =IF(AND(BT17=0,BU17=0,BV17=0),0,IF(AND(BT17=0,BU17=0),BV17/1,IF(AND(BT17=0,BV17=0),BU17/1,IF(AND(BU17=0,BV17=0),BT17/1,IF(BT17=0,FLOOR((BU17+BV17)/2,0.1),IF(BU17=0,(BT17+BV17)/2,IF(BV17=0,(BU17+BT17)/2,FLOOR(((BT17+BU17+BV17)/3),0.1)))))))) -> 0 | BZ17: =SUM(BX17:BY17) -> 0 | CA17: ='2ND TERM Db '!AS17 -> 0 | CB17: ='1ST TERM Db'!AS17 -> 0 | CC17: =IF(AND(BZ17=0,CA17=0,CB17=0),0,IF(AND(BZ17=0,CA17=0),CB17/1,IF(AND(BZ17=0,CB17=0),CA17/1,IF(AND(CA17=0,CB17=0),BZ17/1,IF(BZ17=0,FLOOR((CA17+CB17)/2,0.1),IF(CA17=0,(BZ17+CB17)/2,IF(CB17=0,(CA17+BZ17)/2,FLOOR(((BZ17+CA17+CB17)/3),0.1)))))))) -> 0 | CF17: =SUM(CD17:CE17) -> 0 | CG17: ='2ND TERM Db '!AV17 -> 0 | CH17: ='1ST TERM Db'!AV17 -> 0 | CI17: =IF(AND(CF17=0,CG17=0,CH17=0),0,IF(AND(CF17=0,CG17=0),CH17/1,IF(AND(CF17=0,CH17=0),CG17/1,IF(AND(CG17=0,CH17=0),CF17/1,IF(CF17=0,FLOOR((CG17+CH17)/2,0.1),IF(CG17=0,(CF17+CH17)/2,IF(CH17=0,(CG17+CF17)/2,FLOOR(((CF17+CG17+CH17)/3),0.1)))))))) -> 0 | CL17: =SUM(CJ17:CK17) -> 0 | CM17: ='2ND TERM Db '!AY17 -> 0 | CN17: ='1ST TERM Db'!AY17 -> 0 | CO17: =IF(AND(CL17=0,CM17=0,CN17=0),0,IF(AND(CL17=0,CM17=0),CN17/1,IF(AND(CL17=0,CN17=0),CM17/1,IF(AND(CM17=0,CN17=0),CL17/1,IF(CL17=0,FLOOR((CM17+CN17)/2,0.1),IF(CM17=0,(CL17+CN17)/2,IF(CN17=0,(CM17+CL17)/2,FLOOR(((CL17+CM17+CN17)/3),0.1)))))))) -> 0 | CR17: =SUM(CP17:CQ17) -> 0 | CS17: ='2ND TERM Db '!BB17 -> 0 | CT17: ='1ST TERM Db'!BB17 -> 0 | CU17: =IF(AND(CR17=0,CS17=0,CT17=0),0,IF(AND(CR17=0,CS17=0),CT17/1,IF(AND(CR17=0,CT17=0),CS17/1,IF(AND(CS17=0,CT17=0),CR17/1,IF(CR17=0,FLOOR((CS17+CT17)/2,0.1),IF(CS17=0,(CR17+CT17)/2,IF(CT17=0,(CS17+CR17)/2,FLOOR(((CR17+CS17+CT17)/3),0.1)))))))) -> 0 | CX17: =SUM(CV17:CW17) -> 0 | CY17: ='2ND TERM Db '!BE17 -> 0 | CZ17: ='1ST TERM Db'!BE17 -> 0 | DA17: =IF(AND(CX17=0,CY17=0,CZ17=0),0,IF(AND(CX17=0,CY17=0),CZ17/1,IF(AND(CX17=0,CZ17=0),CY17/1,IF(AND(CY17=0,CZ17=0),CX17/1,IF(CX17=0,FLOOR((CY17+CZ17)/2,0.1),IF(CY17=0,(CX17+CZ17)/2,IF(CZ17=0,(CY17+CX17)/2,FLOOR(((CX17+CY17+CZ17)/3),0.1)))))))) -> 0 | DD17: =SUM(DB17:DC17) -> 0 | DE17: ='2ND TERM Db '!BH17 -> 0 | DF17: ='1ST TERM Db'!BH17 -> 0 | DG17: =IF(AND(DD17=0,DE17=0,DF17=0),0,IF(AND(DD17=0,DE17=0),DF17/1,IF(AND(DD17=0,DF17=0),DE17/1,IF(AND(DE17=0,DF17=0),DD17/1,IF(DD17=0,FLOOR((DE17+DF17)/2,0.1),IF(DE17=0,(DD17+DF17)/2,IF(DF17=0,(DE17+DD17)/2,FLOOR(((DD17+DE17+DF17)/3),0.1)))))))) -> 0 | DJ17: =SUM(DH17:DI17) -> 0 | DK17: ='2ND TERM Db '!BK17 -> 0 | DL17: ='1ST TERM Db'!BK17 -> 0 | DM17: =IF(AND(DJ17=0,DK17=0,DL17=0),0,IF(AND(DJ17=0,DK17=0),DL17/1,IF(AND(DJ17=0,DL17=0),DK17/1,IF(AND(DK17=0,DL17=0),DJ17/1,IF(DJ17=0,FLOOR((DK17+DL17)/2,0.1),IF(DK17=0,(DJ17+DL17)/2,IF(DL17=0,(DK17+DJ17)/2,FLOOR(((DJ17+DK17+DL17)/3),0.1)))))))) -> 0 | DN17: =SUM(O17,U17,AA17,AG17,AM17,AS17,AY17,BE17,BK17,BQ17,BW17,CC17,CI17,CO17,CU17,DA17,DG17,DM17) -> 28 | DO17: =RANK(DN17,DN$4:DN$503) -> 9 | DP17: CHOOSE RATING | DQ17: CHOOSE RATING | DR17: CHOOSE RATING | DS17: CHOOSE RATING | DT17: CHOOSE RATING | DU17: CHOOSE RATING | DV17: CHOOSE RATING | DW17: CHOOSE RATING | DX17: 2025/2026 | DY17: THIRD | DZ17: CHOOSE RATING | EA17: CHOOSE RATING | EB17: CHOOSE RATING | EC17: CHOOSE RATING | ED17: CHOOSE RATING | EE17: CHOOSE RATING | EF17: CHOOSE RATING | EG17: Add the Tutor's Comment . . . | EH17: Choose Principals comment | EI17: Mr. Akinwale Ibrahim | EJ17: Next Term Begins on Monday, 14th September, 2026.
A18: 15 | B18: ='1ST TERM Db'!B18 -> ASHIMOLOWO MARIAM | C18: ='1ST TERM Db'!C18 -> 2378 | D18: ='1ST TERM Db'!D18 -> FEMALE | E18: ='1ST TERM Db'!E18 -> SSS3C | I18: =G18-H18 -> 0 | L18: =SUM(J18:K18) -> 0 | M18: ='2ND TERM Db '!L18 -> 0 | N18: ='1ST TERM Db'!L18 -> 0 | O18: =IF(AND(L18=0,M18=0,N18=0),0,IF(AND(L18=0,M18=0),N18/1,IF(AND(L18=0,N18=0),M18/1,IF(AND(M18=0,N18=0),L18/1,IF(L18=0,FLOOR((M18+N18)/2,0.1),IF(M18=0,(L18+N18)/2,IF(N18=0,(M18+L18)/2,FLOOR(((L18+M18+N18)/3),0.1)))))))) -> 0 | R18: =SUM(P18:Q18) -> 0 | S18: ='2ND TERM Db '!O18 -> 0 | T18: ='1ST TERM Db'!O18 -> 0 | U18: =IF(AND(R18=0,S18=0,T18=0),0,IF(AND(R18=0,S18=0),T18/1,IF(AND(R18=0,T18=0),S18/1,IF(AND(S18=0,T18=0),R18/1,IF(R18=0,FLOOR((S18+T18)/2,0.1),IF(S18=0,(R18+T18)/2,IF(T18=0,(S18+R18)/2,FLOOR(((R18+S18+T18)/3),0.1)))))))) -> 0 | X18: =SUM(V18:W18) -> 0 | Y18: ='2ND TERM Db '!R18 -> 0 | Z18: ='1ST TERM Db'!R18 -> 0 | AA18: =IF(AND(X18=0,Y18=0,Z18=0),0,IF(AND(X18=0,Y18=0),Z18/1,IF(AND(X18=0,Z18=0),Y18/1,IF(AND(Y18=0,Z18=0),X18/1,IF(X18=0,FLOOR((Y18+Z18)/2,0.1),IF(Y18=0,(X18+Z18)/2,IF(Z18=0,(Y18+X18)/2,FLOOR(((X18+Y18+Z18)/3),0.1)))))))) -> 0 | AD18: =SUM(AB18:AC18) -> 0 | AE18: ='2ND TERM Db '!U18 -> 0 | AF18: ='1ST TERM Db'!U18 -> 0 | AG18: =IF(AND(AD18=0,AE18=0,AF18=0),0,IF(AND(AD18=0,AE18=0),AF18/1,IF(AND(AD18=0,AF18=0),AE18/1,IF(AND(AE18=0,AF18=0),AD18/1,IF(AD18=0,FLOOR((AE18+AF18)/2,0.1),IF(AE18=0,(AD18+AF18)/2,IF(AF18=0,(AE18+AD18)/2,FLOOR(((AD18+AE18+AF18)/3),0.1)))))))) -> 0 | AJ18: =SUM(AH18:AI18) -> 0 | AK18: ='2ND TERM Db '!X18 -> 0 | AL18: ='1ST TERM Db'!X18 -> 0 | AM18: =IF(AND(AJ18=0,AK18=0,AL18=0),0,IF(AND(AJ18=0,AK18=0),AL18/1,IF(AND(AJ18=0,AL18=0),AK18/1,IF(AND(AK18=0,AL18=0),AJ18/1,IF(AJ18=0,FLOOR((AK18+AL18)/2,0.1),IF(AK18=0,(AJ18+AL18)/2,IF(AL18=0,(AK18+AJ18)/2,FLOOR(((AJ18+AK18+AL18)/3),0.1)))))))) -> 0 | AP18: =SUM(AN18:AO18) -> 0 | AQ18: ='2ND TERM Db '!AA18 -> 0 | AR18: ='1ST TERM Db'!AA18 -> 0 | AS18: =IF(AND(AP18=0,AQ18=0,AR18=0),0,IF(AND(AP18=0,AQ18=0),AR18/1,IF(AND(AP18=0,AR18=0),AQ18/1,IF(AND(AQ18=0,AR18=0),AP18/1,IF(AP18=0,FLOOR((AQ18+AR18)/2,0.1),IF(AQ18=0,(AP18+AR18)/2,IF(AR18=0,(AQ18+AP18)/2,FLOOR(((AP18+AQ18+AR18)/3),0.1)))))))) -> 0 | AV18: =SUM(AT18:AU18) -> 0 | AW18: ='2ND TERM Db '!AD18 -> 0 | AX18: ='1ST TERM Db'!AD18 -> 0 | AY18: =IF(AND(AV18=0,AW18=0,AX18=0),0,IF(AND(AV18=0,AW18=0),AX18/1,IF(AND(AV18=0,AX18=0),AW18/1,IF(AND(AW18=0,AX18=0),AV18/1,IF(AV18=0,FLOOR((AW18+AX18)/2,0.1),IF(AW18=0,(AV18+AX18)/2,IF(AX18=0,(AW18+AV18)/2,FLOOR(((AV18+AW18+AX18)/3),0.1)))))))) -> 0 | BB18: =SUM(AZ18:BA18) -> 0 | BC18: ='2ND TERM Db '!AG18 -> 0 | BD18: ='1ST TERM Db'!AG18 -> 0 | BE18: =IF(AND(BB18=0,BC18=0,BD18=0),0,IF(AND(BB18=0,BC18=0),BD18/1,IF(AND(BB18=0,BD18=0),BC18/1,IF(AND(BC18=0,BD18=0),BB18/1,IF(BB18=0,FLOOR((BC18+BD18)/2,0.1),IF(BC18=0,(BB18+BD18)/2,IF(BD18=0,(BC18+BB18)/2,FLOOR(((BB18+BC18+BD18)/3),0.1)))))))) -> 0 | BH18: =SUM(BF18:BG18) -> 0 | BI18: ='2ND TERM Db '!AJ18 -> 0 | BJ18: ='1ST TERM Db'!AJ18 -> 0 | BK18: =IF(AND(BH18=0,BI18=0,BJ18=0),0,IF(AND(BH18=0,BI18=0),BJ18/1,IF(AND(BH18=0,BJ18=0),BI18/1,IF(AND(BI18=0,BJ18=0),BH18/1,IF(BH18=0,FLOOR((BI18+BJ18)/2,0.1),IF(BI18=0,(BH18+BJ18)/2,IF(BJ18=0,(BI18+BH18)/2,FLOOR(((BH18+BI18+BJ18)/3),0.1)))))))) -> 0 | BN18: =SUM(BL18:BM18) -> 0 | BO18: ='2ND TERM Db '!AM18 -> 0 | BP18: ='1ST TERM Db'!AM18 -> 0 | BQ18: =IF(AND(BN18=0,BO18=0,BP18=0),0,IF(AND(BN18=0,BO18=0),BP18/1,IF(AND(BN18=0,BP18=0),BO18/1,IF(AND(BO18=0,BP18=0),BN18/1,IF(BN18=0,FLOOR((BO18+BP18)/2,0.1),IF(BO18=0,(BN18+BP18)/2,IF(BP18=0,(BO18+BN18)/2,FLOOR(((BN18+BO18+BP18)/3),0.1)))))))) -> 0 | BT18: =SUM(BR18:BS18) -> 0 | BU18: ='2ND TERM Db '!AP18 -> 0 | BV18: ='1ST TERM Db'!AP18 -> 0 | BW18: =IF(AND(BT18=0,BU18=0,BV18=0),0,IF(AND(BT18=0,BU18=0),BV18/1,IF(AND(BT18=0,BV18=0),BU18/1,IF(AND(BU18=0,BV18=0),BT18/1,IF(BT18=0,FLOOR((BU18+BV18)/2,0.1),IF(BU18=0,(BT18+BV18)/2,IF(BV18=0,(BU18+BT18)/2,FLOOR(((BT18+BU18+BV18)/3),0.1)))))))) -> 0 | BZ18: =SUM(BX18:BY18) -> 0 | CA18: ='2ND TERM Db '!AS18 -> 0 | CB18: ='1ST TERM Db'!AS18 -> 0 | CC18: =IF(AND(BZ18=0,CA18=0,CB18=0),0,IF(AND(BZ18=0,CA18=0),CB18/1,IF(AND(BZ18=0,CB18=0),CA18/1,IF(AND(CA18=0,CB18=0),BZ18/1,IF(BZ18=0,FLOOR((CA18+CB18)/2,0.1),IF(CA18=0,(BZ18+CB18)/2,IF(CB18=0,(CA18+BZ18)/2,FLOOR(((BZ18+CA18+CB18)/3),0.1)))))))) -> 0 | CF18: =SUM(CD18:CE18) -> 0 | CG18: ='2ND TERM Db '!AV18 -> 0 | CH18: ='1ST TERM Db'!AV18 -> 0 | CI18: =IF(AND(CF18=0,CG18=0,CH18=0),0,IF(AND(CF18=0,CG18=0),CH18/1,IF(AND(CF18=0,CH18=0),CG18/1,IF(AND(CG18=0,CH18=0),CF18/1,IF(CF18=0,FLOOR((CG18+CH18)/2,0.1),IF(CG18=0,(CF18+CH18)/2,IF(CH18=0,(CG18+CF18)/2,FLOOR(((CF18+CG18+CH18)/3),0.1)))))))) -> 0 | CL18: =SUM(CJ18:CK18) -> 0 | CM18: ='2ND TERM Db '!AY18 -> 0 | CN18: ='1ST TERM Db'!AY18 -> 0 | CO18: =IF(AND(CL18=0,CM18=0,CN18=0),0,IF(AND(CL18=0,CM18=0),CN18/1,IF(AND(CL18=0,CN18=0),CM18/1,IF(AND(CM18=0,CN18=0),CL18/1,IF(CL18=0,FLOOR((CM18+CN18)/2,0.1),IF(CM18=0,(CL18+CN18)/2,IF(CN18=0,(CM18+CL18)/2,FLOOR(((CL18+CM18+CN18)/3),0.1)))))))) -> 0 | CR18: =SUM(CP18:CQ18) -> 0 | CS18: ='2ND TERM Db '!BB18 -> 0 | CT18: ='1ST TERM Db'!BB18 -> 0 | CU18: =IF(AND(CR18=0,CS18=0,CT18=0),0,IF(AND(CR18=0,CS18=0),CT18/1,IF(AND(CR18=0,CT18=0),CS18/1,IF(AND(CS18=0,CT18=0),CR18/1,IF(CR18=0,FLOOR((CS18+CT18)/2,0.1),IF(CS18=0,(CR18+CT18)/2,IF(CT18=0,(CS18+CR18)/2,FLOOR(((CR18+CS18+CT18)/3),0.1)))))))) -> 0 | CX18: =SUM(CV18:CW18) -> 0 | CY18: ='2ND TERM Db '!BE18 -> 0 | CZ18: ='1ST TERM Db'!BE18 -> 0 | DA18: =IF(AND(CX18=0,CY18=0,CZ18=0),0,IF(AND(CX18=0,CY18=0),CZ18/1,IF(AND(CX18=0,CZ18=0),CY18/1,IF(AND(CY18=0,CZ18=0),CX18/1,IF(CX18=0,FLOOR((CY18+CZ18)/2,0.1),IF(CY18=0,(CX18+CZ18)/2,IF(CZ18=0,(CY18+CX18)/2,FLOOR(((CX18+CY18+CZ18)/3),0.1)))))))) -> 0 | DD18: =SUM(DB18:DC18) -> 0 | DE18: ='2ND TERM Db '!BH18 -> 0 | DF18: ='1ST TERM Db'!BH18 -> 0 | DG18: =IF(AND(DD18=0,DE18=0,DF18=0),0,IF(AND(DD18=0,DE18=0),DF18/1,IF(AND(DD18=0,DF18=0),DE18/1,IF(AND(DE18=0,DF18=0),DD18/1,IF(DD18=0,FLOOR((DE18+DF18)/2,0.1),IF(DE18=0,(DD18+DF18)/2,IF(DF18=0,(DE18+DD18)/2,FLOOR(((DD18+DE18+DF18)/3),0.1)))))))) -> 0 | DJ18: =SUM(DH18:DI18) -> 0 | DK18: ='2ND TERM Db '!BK18 -> 0 | DL18: ='1ST TERM Db'!BK18 -> 0 | DM18: =IF(AND(DJ18=0,DK18=0,DL18=0),0,IF(AND(DJ18=0,DK18=0),DL18/1,IF(AND(DJ18=0,DL18=0),DK18/1,IF(AND(DK18=0,DL18=0),DJ18/1,IF(DJ18=0,FLOOR((DK18+DL18)/2,0.1),IF(DK18=0,(DJ18+DL18)/2,IF(DL18=0,(DK18+DJ18)/2,FLOOR(((DJ18+DK18+DL18)/3),0.1)))))))) -> 0 | DN18: =SUM(O18,U18,AA18,AG18,AM18,AS18,AY18,BE18,BK18,BQ18,BW18,CC18,CI18,CO18,CU18,DA18,DG18:DM18) -> 0 | DO18: =RANK(DN18,DN$4:DN$503) -> 12 | DP18: CHOOSE RATING | DQ18: CHOOSE RATING | DR18: CHOOSE RATING | DS18: CHOOSE RATING | DT18: CHOOSE RATING | DU18: CHOOSE RATING | DV18: CHOOSE RATING | DW18: CHOOSE RATING | DX18: 2025/2026 | DY18: THIRD | DZ18: CHOOSE RATING | EA18: CHOOSE RATING | EB18: CHOOSE RATING | EC18: CHOOSE RATING | ED18: CHOOSE RATING | EE18: CHOOSE RATING | EF18: CHOOSE RATING | EG18: Add the Tutor's Comment . . . | EH18: Choose Principals comment | EI18: Mr. Akinwale Ibrahim | EJ18: Next Term Begins on Monday, 14th September, 2026.
A19: 16 | B19: ='1ST TERM Db'!#REF! -> #REF! | C19: ='1ST TERM Db'!C19 -> 2340 | D19: ='1ST TERM Db'!D19 -> FEMALE | E19: ='1ST TERM Db'!E19 -> SSS3C | I19: =G19-H19 -> 0 | L19: =SUM(J19:K19) -> 0 | M19: ='2ND TERM Db '!L19 -> 0 | N19: ='1ST TERM Db'!L19 -> 0 | O19: =IF(AND(L19=0,M19=0,N19=0),0,IF(AND(L19=0,M19=0),N19/1,IF(AND(L19=0,N19=0),M19/1,IF(AND(M19=0,N19=0),L19/1,IF(L19=0,FLOOR((M19+N19)/2,0.1),IF(M19=0,(L19+N19)/2,IF(N19=0,(M19+L19)/2,FLOOR(((L19+M19+N19)/3),0.1)))))))) -> 0 | R19: =SUM(P19:Q19) -> 0 | S19: ='2ND TERM Db '!O19 -> 0 | T19: ='1ST TERM Db'!O19 -> 0 | U19: =IF(AND(R19=0,S19=0,T19=0),0,IF(AND(R19=0,S19=0),T19/1,IF(AND(R19=0,T19=0),S19/1,IF(AND(S19=0,T19=0),R19/1,IF(R19=0,FLOOR((S19+T19)/2,0.1),IF(S19=0,(R19+T19)/2,IF(T19=0,(S19+R19)/2,FLOOR(((R19+S19+T19)/3),0.1)))))))) -> 0 | X19: =SUM(V19:W19) -> 0 | Y19: ='2ND TERM Db '!R19 -> 0 | Z19: ='1ST TERM Db'!R19 -> 0 | AA19: =IF(AND(X19=0,Y19=0,Z19=0),0,IF(AND(X19=0,Y19=0),Z19/1,IF(AND(X19=0,Z19=0),Y19/1,IF(AND(Y19=0,Z19=0),X19/1,IF(X19=0,FLOOR((Y19+Z19)/2,0.1),IF(Y19=0,(X19+Z19)/2,IF(Z19=0,(Y19+X19)/2,FLOOR(((X19+Y19+Z19)/3),0.1)))))))) -> 0 | AD19: =SUM(AB19:AC19) -> 0 | AE19: ='2ND TERM Db '!U19 -> 0 | AF19: ='1ST TERM Db'!U19 -> 0 | AG19: =IF(AND(AD19=0,AE19=0,AF19=0),0,IF(AND(AD19=0,AE19=0),AF19/1,IF(AND(AD19=0,AF19=0),AE19/1,IF(AND(AE19=0,AF19=0),AD19/1,IF(AD19=0,FLOOR((AE19+AF19)/2,0.1),IF(AE19=0,(AD19+AF19)/2,IF(AF19=0,(AE19+AD19)/2,FLOOR(((AD19+AE19+AF19)/3),0.1)))))))) -> 0 | AJ19: =SUM(AH19:AI19) -> 0 | AK19: ='2ND TERM Db '!X19 -> 0 | AL19: ='1ST TERM Db'!X19 -> 0 | AM19: =IF(AND(AJ19=0,AK19=0,AL19=0),0,IF(AND(AJ19=0,AK19=0),AL19/1,IF(AND(AJ19=0,AL19=0),AK19/1,IF(AND(AK19=0,AL19=0),AJ19/1,IF(AJ19=0,FLOOR((AK19+AL19)/2,0.1),IF(AK19=0,(AJ19+AL19)/2,IF(AL19=0,(AK19+AJ19)/2,FLOOR(((AJ19+AK19+AL19)/3),0.1)))))))) -> 0 | AP19: =SUM(AN19:AO19) -> 0 | AQ19: ='2ND TERM Db '!AA19 -> 0 | AR19: ='1ST TERM Db'!AA19 -> 0 | AS19: =IF(AND(AP19=0,AQ19=0,AR19=0),0,IF(AND(AP19=0,AQ19=0),AR19/1,IF(AND(AP19=0,AR19=0),AQ19/1,IF(AND(AQ19=0,AR19=0),AP19/1,IF(AP19=0,FLOOR((AQ19+AR19)/2,0.1),IF(AQ19=0,(AP19+AR19)/2,IF(AR19=0,(AQ19+AP19)/2,FLOOR(((AP19+AQ19+AR19)/3),0.1)))))))) -> 0 | AV19: =SUM(AT19:AU19) -> 0 | AW19: ='2ND TERM Db '!AD19 -> 0 | AX19: ='1ST TERM Db'!AD19 -> 0 | AY19: =IF(AND(AV19=0,AW19=0,AX19=0),0,IF(AND(AV19=0,AW19=0),AX19/1,IF(AND(AV19=0,AX19=0),AW19/1,IF(AND(AW19=0,AX19=0),AV19/1,IF(AV19=0,FLOOR((AW19+AX19)/2,0.1),IF(AW19=0,(AV19+AX19)/2,IF(AX19=0,(AW19+AV19)/2,FLOOR(((AV19+AW19+AX19)/3),0.1)))))))) -> 0 | BB19: =SUM(AZ19:BA19) -> 0 | BC19: ='2ND TERM Db '!AG19 -> 0 | BD19: ='1ST TERM Db'!AG19 -> 0 | BE19: =IF(AND(BB19=0,BC19=0,BD19=0),0,IF(AND(BB19=0,BC19=0),BD19/1,IF(AND(BB19=0,BD19=0),BC19/1,IF(AND(BC19=0,BD19=0),BB19/1,IF(BB19=0,FLOOR((BC19+BD19)/2,0.1),IF(BC19=0,(BB19+BD19)/2,IF(BD19=0,(BC19+BB19)/2,FLOOR(((BB19+BC19+BD19)/3),0.1)))))))) -> 0 | BH19: =SUM(BF19:BG19) -> 0 | BI19: ='2ND TERM Db '!AJ19 -> 0 | BJ19: ='1ST TERM Db'!AJ19 -> 0 | BK19: =IF(AND(BH19=0,BI19=0,BJ19=0),0,IF(AND(BH19=0,BI19=0),BJ19/1,IF(AND(BH19=0,BJ19=0),BI19/1,IF(AND(BI19=0,BJ19=0),BH19/1,IF(BH19=0,FLOOR((BI19+BJ19)/2,0.1),IF(BI19=0,(BH19+BJ19)/2,IF(BJ19=0,(BI19+BH19)/2,FLOOR(((BH19+BI19+BJ19)/3),0.1)))))))) -> 0 | BN19: =SUM(BL19:BM19) -> 0 | BO19: ='2ND TERM Db '!AM19 -> 0 | BP19: ='1ST TERM Db'!AM19 -> 0 | BQ19: =IF(AND(BN19=0,BO19=0,BP19=0),0,IF(AND(BN19=0,BO19=0),BP19/1,IF(AND(BN19=0,BP19=0),BO19/1,IF(AND(BO19=0,BP19=0),BN19/1,IF(BN19=0,FLOOR((BO19+BP19)/2,0.1),IF(BO19=0,(BN19+BP19)/2,IF(BP19=0,(BO19+BN19)/2,FLOOR(((BN19+BO19+BP19)/3),0.1)))))))) -> 0 | BT19: =SUM(BR19:BS19) -> 0 | BU19: ='2ND TERM Db '!AP19 -> 0 | BV19: ='1ST TERM Db'!AP19 -> 0 | BW19: =IF(AND(BT19=0,BU19=0,BV19=0),0,IF(AND(BT19=0,BU19=0),BV19/1,IF(AND(BT19=0,BV19=0),BU19/1,IF(AND(BU19=0,BV19=0),BT19/1,IF(BT19=0,FLOOR((BU19+BV19)/2,0.1),IF(BU19=0,(BT19+BV19)/2,IF(BV19=0,(BU19+BT19)/2,FLOOR(((BT19+BU19+BV19)/3),0.1)))))))) -> 0 | BZ19: =SUM(BX19:BY19) -> 0 | CA19: ='2ND TERM Db '!AS19 -> 0 | CB19: ='1ST TERM Db'!AS19 -> 0 | CC19: =IF(AND(BZ19=0,CA19=0,CB19=0),0,IF(AND(BZ19=0,CA19=0),CB19/1,IF(AND(BZ19=0,CB19=0),CA19/1,IF(AND(CA19=0,CB19=0),BZ19/1,IF(BZ19=0,FLOOR((CA19+CB19)/2,0.1),IF(CA19=0,(BZ19+CB19)/2,IF(CB19=0,(CA19+BZ19)/2,FLOOR(((BZ19+CA19+CB19)/3),0.1)))))))) -> 0 | CF19: =SUM(CD19:CE19) -> 0 | CG19: ='2ND TERM Db '!AV19 -> 0 | CH19: ='1ST TERM Db'!AV19 -> 0 | CI19: =IF(AND(CF19=0,CG19=0,CH19=0),0,IF(AND(CF19=0,CG19=0),CH19/1,IF(AND(CF19=0,CH19=0),CG19/1,IF(AND(CG19=0,CH19=0),CF19/1,IF(CF19=0,FLOOR((CG19+CH19)/2,0.1),IF(CG19=0,(CF19+CH19)/2,IF(CH19=0,(CG19+CF19)/2,FLOOR(((CF19+CG19+CH19)/3),0.1)))))))) -> 0 | CL19: =SUM(CJ19:CK19) -> 0 | CM19: ='2ND TERM Db '!AY19 -> 0 | CN19: ='1ST TERM Db'!AY19 -> 0 | CO19: =IF(AND(CL19=0,CM19=0,CN19=0),0,IF(AND(CL19=0,CM19=0),CN19/1,IF(AND(CL19=0,CN19=0),CM19/1,IF(AND(CM19=0,CN19=0),CL19/1,IF(CL19=0,FLOOR((CM19+CN19)/2,0.1),IF(CM19=0,(CL19+CN19)/2,IF(CN19=0,(CM19+CL19)/2,FLOOR(((CL19+CM19+CN19)/3),0.1)))))))) -> 0 | CR19: =SUM(CP19:CQ19) -> 0 | CS19: ='2ND TERM Db '!BB19 -> 0 | CT19: ='1ST TERM Db'!BB19 -> 0 | CU19: =IF(AND(CR19=0,CS19=0,CT19=0),0,IF(AND(CR19=0,CS19=0),CT19/1,IF(AND(CR19=0,CT19=0),CS19/1,IF(AND(CS19=0,CT19=0),CR19/1,IF(CR19=0,FLOOR((CS19+CT19)/2,0.1),IF(CS19=0,(CR19+CT19)/2,IF(CT19=0,(CS19+CR19)/2,FLOOR(((CR19+CS19+CT19)/3),0.1)))))))) -> 0 | CX19: =SUM(CV19:CW19) -> 0 | CY19: ='2ND TERM Db '!BE19 -> 0 | CZ19: ='1ST TERM Db'!BE19 -> 0 | DA19: =IF(AND(CX19=0,CY19=0,CZ19=0),0,IF(AND(CX19=0,CY19=0),CZ19/1,IF(AND(CX19=0,CZ19=0),CY19/1,IF(AND(CY19=0,CZ19=0),CX19/1,IF(CX19=0,FLOOR((CY19+CZ19)/2,0.1),IF(CY19=0,(CX19+CZ19)/2,IF(CZ19=0,(CY19+CX19)/2,FLOOR(((CX19+CY19+CZ19)/3),0.1)))))))) -> 0 | DD19: =SUM(DB19:DC19) -> 0 | DE19: ='2ND TERM Db '!BH19 -> 0 | DF19: ='1ST TERM Db'!BH19 -> 0 | DG19: =IF(AND(DD19=0,DE19=0,DF19=0),0,IF(AND(DD19=0,DE19=0),DF19/1,IF(AND(DD19=0,DF19=0),DE19/1,IF(AND(DE19=0,DF19=0),DD19/1,IF(DD19=0,FLOOR((DE19+DF19)/2,0.1),IF(DE19=0,(DD19+DF19)/2,IF(DF19=0,(DE19+DD19)/2,FLOOR(((DD19+DE19+DF19)/3),0.1)))))))) -> 0 | DJ19: =SUM(DH19:DI19) -> 0 | DK19: ='2ND TERM Db '!BK19 -> 0 | DL19: ='1ST TERM Db'!BK19 -> 0 | DM19: =IF(AND(DJ19=0,DK19=0,DL19=0),0,IF(AND(DJ19=0,DK19=0),DL19/1,IF(AND(DJ19=0,DL19=0),DK19/1,IF(AND(DK19=0,DL19=0),DJ19/1,IF(DJ19=0,FLOOR((DK19+DL19)/2,0.1),IF(DK19=0,(DJ19+DL19)/2,IF(DL19=0,(DK19+DJ19)/2,FLOOR(((DJ19+DK19+DL19)/3),0.1)))))))) -> 0 | DN19: =SUM(O19,U19,AA19,AG19,AM19,AS19,AY19,BE19,BK19,BQ19,BW19,CC19,CI19,CO19,CU19,DA19,DG19,DM19) -> 0 | DO19: =RANK(DN19,DN$4:DN$503) -> 12 | DP19: CHOOSE RATING | DQ19: CHOOSE RATING | DR19: CHOOSE RATING | DS19: CHOOSE RATING | DT19: CHOOSE RATING | DU19: CHOOSE RATING | DV19: CHOOSE RATING | DW19: CHOOSE RATING | DX19: 2025/2026 | DY19: THIRD | DZ19: CHOOSE RATING | EA19: CHOOSE RATING | EB19: CHOOSE RATING | EC19: CHOOSE RATING | ED19: CHOOSE RATING | EE19: CHOOSE RATING | EF19: CHOOSE RATING | EG19: Add the Tutor's Comment . . . | EH19: Choose Principals comment | EI19: Mr. Akinwale Ibrahim | EJ19: Next Term Begins on Monday, 14th September, 2026.
A20: 17 | B20: ='1ST TERM Db'!B19 -> ASUBIOJO BLESSING | C20: ='1ST TERM Db'!C20 -> 0 | D20: ='1ST TERM Db'!D20 -> FEMALE | E20: ='1ST TERM Db'!E20 -> SSS3C | I20: =G20-H20 -> 0 | L20: =SUM(J20:K20) -> 0 | M20: ='2ND TERM Db '!L20 -> 0 | N20: ='1ST TERM Db'!L20 -> 0 | O20: =IF(AND(L20=0,M20=0,N20=0),0,IF(AND(L20=0,M20=0),N20/1,IF(AND(L20=0,N20=0),M20/1,IF(AND(M20=0,N20=0),L20/1,IF(L20=0,FLOOR((M20+N20)/2,0.1),IF(M20=0,(L20+N20)/2,IF(N20=0,(M20+L20)/2,FLOOR(((L20+M20+N20)/3),0.1)))))))) -> 0 | R20: =SUM(P20:Q20) -> 0 | S20: ='2ND TERM Db '!O20 -> 0 | T20: ='1ST TERM Db'!O20 -> 0 | U20: =IF(AND(R20=0,S20=0,T20=0),0,IF(AND(R20=0,S20=0),T20/1,IF(AND(R20=0,T20=0),S20/1,IF(AND(S20=0,T20=0),R20/1,IF(R20=0,FLOOR((S20+T20)/2,0.1),IF(S20=0,(R20+T20)/2,IF(T20=0,(S20+R20)/2,FLOOR(((R20+S20+T20)/3),0.1)))))))) -> 0 | X20: =SUM(V20:W20) -> 0 | Y20: ='2ND TERM Db '!R20 -> 0 | Z20: ='1ST TERM Db'!R20 -> 0 | AA20: =IF(AND(X20=0,Y20=0,Z20=0),0,IF(AND(X20=0,Y20=0),Z20/1,IF(AND(X20=0,Z20=0),Y20/1,IF(AND(Y20=0,Z20=0),X20/1,IF(X20=0,FLOOR((Y20+Z20)/2,0.1),IF(Y20=0,(X20+Z20)/2,IF(Z20=0,(Y20+X20)/2,FLOOR(((X20+Y20+Z20)/3),0.1)))))))) -> 0 | AD20: =SUM(AB20:AC20) -> 0 | AE20: ='2ND TERM Db '!U20 -> 0 | AF20: ='1ST TERM Db'!U20 -> 0 | AG20: =IF(AND(AD20=0,AE20=0,AF20=0),0,IF(AND(AD20=0,AE20=0),AF20/1,IF(AND(AD20=0,AF20=0),AE20/1,IF(AND(AE20=0,AF20=0),AD20/1,IF(AD20=0,FLOOR((AE20+AF20)/2,0.1),IF(AE20=0,(AD20+AF20)/2,IF(AF20=0,(AE20+AD20)/2,FLOOR(((AD20+AE20+AF20)/3),0.1)))))))) -> 0 | AJ20: =SUM(AH20:AI20) -> 0 | AK20: ='2ND TERM Db '!X20 -> 0 | AL20: ='1ST TERM Db'!X20 -> 0 | AM20: =IF(AND(AJ20=0,AK20=0,AL20=0),0,IF(AND(AJ20=0,AK20=0),AL20/1,IF(AND(AJ20=0,AL20=0),AK20/1,IF(AND(AK20=0,AL20=0),AJ20/1,IF(AJ20=0,FLOOR((AK20+AL20)/2,0.1),IF(AK20=0,(AJ20+AL20)/2,IF(AL20=0,(AK20+AJ20)/2,FLOOR(((AJ20+AK20+AL20)/3),0.1)))))))) -> 0 | AP20: =SUM(AN20:AO20) -> 0 | AQ20: ='2ND TERM Db '!AA20 -> 0 | AR20: ='1ST TERM Db'!AA20 -> 0 | AS20: =IF(AND(AP20=0,AQ20=0,AR20=0),0,IF(AND(AP20=0,AQ20=0),AR20/1,IF(AND(AP20=0,AR20=0),AQ20/1,IF(AND(AQ20=0,AR20=0),AP20/1,IF(AP20=0,FLOOR((AQ20+AR20)/2,0.1),IF(AQ20=0,(AP20+AR20)/2,IF(AR20=0,(AQ20+AP20)/2,FLOOR(((AP20+AQ20+AR20)/3),0.1)))))))) -> 0 | AV20: =SUM(AT20:AU20) -> 0 | AW20: ='2ND TERM Db '!AD20 -> 0 | AX20: ='1ST TERM Db'!AD20 -> 0 | AY20: =IF(AND(AV20=0,AW20=0,AX20=0),0,IF(AND(AV20=0,AW20=0),AX20/1,IF(AND(AV20=0,AX20=0),AW20/1,IF(AND(AW20=0,AX20=0),AV20/1,IF(AV20=0,FLOOR((AW20+AX20)/2,0.1),IF(AW20=0,(AV20+AX20)/2,IF(AX20=0,(AW20+AV20)/2,FLOOR(((AV20+AW20+AX20)/3),0.1)))))))) -> 0 | BB20: =SUM(AZ20:BA20) -> 0 | BC20: ='2ND TERM Db '!AG20 -> 0 | BD20: ='1ST TERM Db'!AG20 -> 0 | BE20: =IF(AND(BB20=0,BC20=0,BD20=0),0,IF(AND(BB20=0,BC20=0),BD20/1,IF(AND(BB20=0,BD20=0),BC20/1,IF(AND(BC20=0,BD20=0),BB20/1,IF(BB20=0,FLOOR((BC20+BD20)/2,0.1),IF(BC20=0,(BB20+BD20)/2,IF(BD20=0,(BC20+BB20)/2,FLOOR(((BB20+BC20+BD20)/3),0.1)))))))) -> 0 | BH20: =SUM(BF20:BG20) -> 0 | BI20: ='2ND TERM Db '!AJ20 -> 0 | BJ20: ='1ST TERM Db'!AJ20 -> 0 | BK20: =IF(AND(BH20=0,BI20=0,BJ20=0),0,IF(AND(BH20=0,BI20=0),BJ20/1,IF(AND(BH20=0,BJ20=0),BI20/1,IF(AND(BI20=0,BJ20=0),BH20/1,IF(BH20=0,FLOOR((BI20+BJ20)/2,0.1),IF(BI20=0,(BH20+BJ20)/2,IF(BJ20=0,(BI20+BH20)/2,FLOOR(((BH20+BI20+BJ20)/3),0.1)))))))) -> 0 | BN20: =SUM(BL20:BM20) -> 0 | BO20: ='2ND TERM Db '!AM20 -> 0 | BP20: ='1ST TERM Db'!AM20 -> 0 | BQ20: =IF(AND(BN20=0,BO20=0,BP20=0),0,IF(AND(BN20=0,BO20=0),BP20/1,IF(AND(BN20=0,BP20=0),BO20/1,IF(AND(BO20=0,BP20=0),BN20/1,IF(BN20=0,FLOOR((BO20+BP20)/2,0.1),IF(BO20=0,(BN20+BP20)/2,IF(BP20=0,(BO20+BN20)/2,FLOOR(((BN20+BO20+BP20)/3),0.1)))))))) -> 0 | BT20: =SUM(BR20:BS20) -> 0 | BU20: ='2ND TERM Db '!AP20 -> 0 | BV20: ='1ST TERM Db'!AP20 -> 0 | BW20: =IF(AND(BT20=0,BU20=0,BV20=0),0,IF(AND(BT20=0,BU20=0),BV20/1,IF(AND(BT20=0,BV20=0),BU20/1,IF(AND(BU20=0,BV20=0),BT20/1,IF(BT20=0,FLOOR((BU20+BV20)/2,0.1),IF(BU20=0,(BT20+BV20)/2,IF(BV20=0,(BU20+BT20)/2,FLOOR(((BT20+BU20+BV20)/3),0.1)))))))) -> 0 | BZ20: =SUM(BX20:BY20) -> 0 | CA20: ='2ND TERM Db '!AS20 -> 0 | CB20: ='1ST TERM Db'!AS20 -> 0 | CC20: =IF(AND(BZ20=0,CA20=0,CB20=0),0,IF(AND(BZ20=0,CA20=0),CB20/1,IF(AND(BZ20=0,CB20=0),CA20/1,IF(AND(CA20=0,CB20=0),BZ20/1,IF(BZ20=0,FLOOR((CA20+CB20)/2,0.1),IF(CA20=0,(BZ20+CB20)/2,IF(CB20=0,(CA20+BZ20)/2,FLOOR(((BZ20+CA20+CB20)/3),0.1)))))))) -> 0 | CF20: =SUM(CD20:CE20) -> 0 | CG20: ='2ND TERM Db '!AV20 -> 0 | CH20: ='1ST TERM Db'!AV20 -> 0 | CI20: =IF(AND(CF20=0,CG20=0,CH20=0),0,IF(AND(CF20=0,CG20=0),CH20/1,IF(AND(CF20=0,CH20=0),CG20/1,IF(AND(CG20=0,CH20=0),CF20/1,IF(CF20=0,FLOOR((CG20+CH20)/2,0.1),IF(CG20=0,(CF20+CH20)/2,IF(CH20=0,(CG20+CF20)/2,FLOOR(((CF20+CG20+CH20)/3),0.1)))))))) -> 0 | CL20: =SUM(CJ20:CK20) -> 0 | CM20: ='2ND TERM Db '!AY20 -> 0 | CN20: ='1ST TERM Db'!AY20 -> 0 | CO20: =IF(AND(CL20=0,CM20=0,CN20=0),0,IF(AND(CL20=0,CM20=0),CN20/1,IF(AND(CL20=0,CN20=0),CM20/1,IF(AND(CM20=0,CN20=0),CL20/1,IF(CL20=0,FLOOR((CM20+CN20)/2,0.1),IF(CM20=0,(CL20+CN20)/2,IF(CN20=0,(CM20+CL20)/2,FLOOR(((CL20+CM20+CN20)/3),0.1)))))))) -> 0 | CR20: =SUM(CP20:CQ20) -> 0 | CS20: ='2ND TERM Db '!BB20 -> 0 | CT20: ='1ST TERM Db'!BB20 -> 0 | CU20: =IF(AND(CR20=0,CS20=0,CT20=0),0,IF(AND(CR20=0,CS20=0),CT20/1,IF(AND(CR20=0,CT20=0),CS20/1,IF(AND(CS20=0,CT20=0),CR20/1,IF(CR20=0,FLOOR((CS20+CT20)/2,0.1),IF(CS20=0,(CR20+CT20)/2,IF(CT20=0,(CS20+CR20)/2,FLOOR(((CR20+CS20+CT20)/3),0.1)))))))) -> 0 | CX20: =SUM(CV20:CW20) -> 0 | CY20: ='2ND TERM Db '!BE20 -> 0 | CZ20: ='1ST TERM Db'!BE20 -> 0 | DA20: =IF(AND(CX20=0,CY20=0,CZ20=0),0,IF(AND(CX20=0,CY20=0),CZ20/1,IF(AND(CX20=0,CZ20=0),CY20/1,IF(AND(CY20=0,CZ20=0),CX20/1,IF(CX20=0,FLOOR((CY20+CZ20)/2,0.1),IF(CY20=0,(CX20+CZ20)/2,IF(CZ20=0,(CY20+CX20)/2,FLOOR(((CX20+CY20+CZ20)/3),0.1)))))))) -> 0 | DD20: =SUM(DB20:DC20) -> 0 | DE20: ='2ND TERM Db '!BH20 -> 0 | DF20: ='1ST TERM Db'!BH20 -> 0 | DG20: =IF(AND(DD20=0,DE20=0,DF20=0),0,IF(AND(DD20=0,DE20=0),DF20/1,IF(AND(DD20=0,DF20=0),DE20/1,IF(AND(DE20=0,DF20=0),DD20/1,IF(DD20=0,FLOOR((DE20+DF20)/2,0.1),IF(DE20=0,(DD20+DF20)/2,IF(DF20=0,(DE20+DD20)/2,FLOOR(((DD20+DE20+DF20)/3),0.1)))))))) -> 0 | DJ20: =SUM(DH20:DI20) -> 0 | DK20: ='2ND TERM Db '!BK20 -> 0 | DL20: ='1ST TERM Db'!BK20 -> 0 | DM20: =IF(AND(DJ20=0,DK20=0,DL20=0),0,IF(AND(DJ20=0,DK20=0),DL20/1,IF(AND(DJ20=0,DL20=0),DK20/1,IF(AND(DK20=0,DL20=0),DJ20/1,IF(DJ20=0,FLOOR((DK20+DL20)/2,0.1),IF(DK20=0,(DJ20+DL20)/2,IF(DL20=0,(DK20+DJ20)/2,FLOOR(((DJ20+DK20+DL20)/3),0.1)))))))) -> 0 | DN20: =SUM(O20,U20,AA20,AG20,AM20,AS20,AY20,BE20,BK20,BQ20,BW20,CC20,CI20,CO20,CU20,DA20,DG20:DM20) -> 0 | DO20: =RANK(DN20,DN$4:DN$503) -> 12 | DP20: CHOOSE RATING | DQ20: CHOOSE RATING | DR20: CHOOSE RATING | DS20: CHOOSE RATING | DT20: CHOOSE RATING | DU20: CHOOSE RATING | DV20: CHOOSE RATING | DW20: CHOOSE RATING | DX20: 2025/2026 | DY20: THIRD | DZ20: CHOOSE RATING | EA20: CHOOSE RATING | EB20: CHOOSE RATING | EC20: CHOOSE RATING | ED20: CHOOSE RATING | EE20: CHOOSE RATING | EF20: CHOOSE RATING | EG20: Add the Tutor's Comment . . . | EH20: Choose Principals comment | EI20: Mr. Akinwale Ibrahim | EJ20: Next Term Begins on Monday, 14th September, 2026.
A21: 18 | B21: ='1ST TERM Db'!B21 -> BABATUNDE TAIWO | C21: ='1ST TERM Db'!C21 -> 0 | D21: ='1ST TERM Db'!D21 -> FEMALE | E21: ='1ST TERM Db'!E21 -> SSS3C | I21: =G21-H21 -> 0 | L21: =SUM(J21:K21) -> 0 | M21: ='2ND TERM Db '!L21 -> 0 | N21: ='1ST TERM Db'!L21 -> 0 | O21: =IF(AND(L21=0,M21=0,N21=0),0,IF(AND(L21=0,M21=0),N21/1,IF(AND(L21=0,N21=0),M21/1,IF(AND(M21=0,N21=0),L21/1,IF(L21=0,FLOOR((M21+N21)/2,0.1),IF(M21=0,(L21+N21)/2,IF(N21=0,(M21+L21)/2,FLOOR(((L21+M21+N21)/3),0.1)))))))) -> 0 | R21: =SUM(P21:Q21) -> 0 | S21: ='2ND TERM Db '!O21 -> 0 | T21: ='1ST TERM Db'!O21 -> 0 | U21: =IF(AND(R21=0,S21=0,T21=0),0,IF(AND(R21=0,S21=0),T21/1,IF(AND(R21=0,T21=0),S21/1,IF(AND(S21=0,T21=0),R21/1,IF(R21=0,FLOOR((S21+T21)/2,0.1),IF(S21=0,(R21+T21)/2,IF(T21=0,(S21+R21)/2,FLOOR(((R21+S21+T21)/3),0.1)))))))) -> 0 | X21: =SUM(V21:W21) -> 0 | Y21: ='2ND TERM Db '!R21 -> 0 | Z21: ='1ST TERM Db'!R21 -> 0 | AA21: =IF(AND(X21=0,Y21=0,Z21=0),0,IF(AND(X21=0,Y21=0),Z21/1,IF(AND(X21=0,Z21=0),Y21/1,IF(AND(Y21=0,Z21=0),X21/1,IF(X21=0,FLOOR((Y21+Z21)/2,0.1),IF(Y21=0,(X21+Z21)/2,IF(Z21=0,(Y21+X21)/2,FLOOR(((X21+Y21+Z21)/3),0.1)))))))) -> 0 | AD21: =SUM(AB21:AC21) -> 0 | AE21: ='2ND TERM Db '!U21 -> 0 | AF21: ='1ST TERM Db'!U21 -> 0 | AG21: =IF(AND(AD21=0,AE21=0,AF21=0),0,IF(AND(AD21=0,AE21=0),AF21/1,IF(AND(AD21=0,AF21=0),AE21/1,IF(AND(AE21=0,AF21=0),AD21/1,IF(AD21=0,FLOOR((AE21+AF21)/2,0.1),IF(AE21=0,(AD21+AF21)/2,IF(AF21=0,(AE21+AD21)/2,FLOOR(((AD21+AE21+AF21)/3),0.1)))))))) -> 0 | AJ21: =SUM(AH21:AI21) -> 0 | AK21: ='2ND TERM Db '!X21 -> 0 | AL21: ='1ST TERM Db'!X21 -> 0 | AM21: =IF(AND(AJ21=0,AK21=0,AL21=0),0,IF(AND(AJ21=0,AK21=0),AL21/1,IF(AND(AJ21=0,AL21=0),AK21/1,IF(AND(AK21=0,AL21=0),AJ21/1,IF(AJ21=0,FLOOR((AK21+AL21)/2,0.1),IF(AK21=0,(AJ21+AL21)/2,IF(AL21=0,(AK21+AJ21)/2,FLOOR(((AJ21+AK21+AL21)/3),0.1)))))))) -> 0 | AP21: =SUM(AN21:AO21) -> 0 | AQ21: ='2ND TERM Db '!AA21 -> 0 | AR21: ='1ST TERM Db'!AA21 -> 0 | AS21: =IF(AND(AP21=0,AQ21=0,AR21=0),0,IF(AND(AP21=0,AQ21=0),AR21/1,IF(AND(AP21=0,AR21=0),AQ21/1,IF(AND(AQ21=0,AR21=0),AP21/1,IF(AP21=0,FLOOR((AQ21+AR21)/2,0.1),IF(AQ21=0,(AP21+AR21)/2,IF(AR21=0,(AQ21+AP21)/2,FLOOR(((AP21+AQ21+AR21)/3),0.1)))))))) -> 0 | AV21: =SUM(AT21:AU21) -> 0 | AW21: ='2ND TERM Db '!AD21 -> 0 | AX21: ='1ST TERM Db'!AD21 -> 0 | AY21: =IF(AND(AV21=0,AW21=0,AX21=0),0,IF(AND(AV21=0,AW21=0),AX21/1,IF(AND(AV21=0,AX21=0),AW21/1,IF(AND(AW21=0,AX21=0),AV21/1,IF(AV21=0,FLOOR((AW21+AX21)/2,0.1),IF(AW21=0,(AV21+AX21)/2,IF(AX21=0,(AW21+AV21)/2,FLOOR(((AV21+AW21+AX21)/3),0.1)))))))) -> 0 | BB21: =SUM(AZ21:BA21) -> 0 | BC21: ='2ND TERM Db '!AG21 -> 0 | BD21: ='1ST TERM Db'!AG21 -> 0 | BE21: =IF(AND(BB21=0,BC21=0,BD21=0),0,IF(AND(BB21=0,BC21=0),BD21/1,IF(AND(BB21=0,BD21=0),BC21/1,IF(AND(BC21=0,BD21=0),BB21/1,IF(BB21=0,FLOOR((BC21+BD21)/2,0.1),IF(BC21=0,(BB21+BD21)/2,IF(BD21=0,(BC21+BB21)/2,FLOOR(((BB21+BC21+BD21)/3),0.1)))))))) -> 0 | BH21: =SUM(BF21:BG21) -> 0 | BI21: ='2ND TERM Db '!AJ21 -> 0 | BJ21: ='1ST TERM Db'!AJ21 -> 0 | BK21: =IF(AND(BH21=0,BI21=0,BJ21=0),0,IF(AND(BH21=0,BI21=0),BJ21/1,IF(AND(BH21=0,BJ21=0),BI21/1,IF(AND(BI21=0,BJ21=0),BH21/1,IF(BH21=0,FLOOR((BI21+BJ21)/2,0.1),IF(BI21=0,(BH21+BJ21)/2,IF(BJ21=0,(BI21+BH21)/2,FLOOR(((BH21+BI21+BJ21)/3),0.1)))))))) -> 0 | BN21: =SUM(BL21:BM21) -> 0 | BO21: ='2ND TERM Db '!AM21 -> 0 | BP21: ='1ST TERM Db'!AM21 -> 0 | BQ21: =IF(AND(BN21=0,BO21=0,BP21=0),0,IF(AND(BN21=0,BO21=0),BP21/1,IF(AND(BN21=0,BP21=0),BO21/1,IF(AND(BO21=0,BP21=0),BN21/1,IF(BN21=0,FLOOR((BO21+BP21)/2,0.1),IF(BO21=0,(BN21+BP21)/2,IF(BP21=0,(BO21+BN21)/2,FLOOR(((BN21+BO21+BP21)/3),0.1)))))))) -> 0 | BT21: =SUM(BR21:BS21) -> 0 | BU21: ='2ND TERM Db '!AP21 -> 0 | BV21: ='1ST TERM Db'!AP21 -> 0 | BW21: =IF(AND(BT21=0,BU21=0,BV21=0),0,IF(AND(BT21=0,BU21=0),BV21/1,IF(AND(BT21=0,BV21=0),BU21/1,IF(AND(BU21=0,BV21=0),BT21/1,IF(BT21=0,FLOOR((BU21+BV21)/2,0.1),IF(BU21=0,(BT21+BV21)/2,IF(BV21=0,(BU21+BT21)/2,FLOOR(((BT21+BU21+BV21)/3),0.1)))))))) -> 0 | BZ21: =SUM(BX21:BY21) -> 0 | CA21: ='2ND TERM Db '!AS21 -> 0 | CB21: ='1ST TERM Db'!AS21 -> 0 | CC21: =IF(AND(BZ21=0,CA21=0,CB21=0),0,IF(AND(BZ21=0,CA21=0),CB21/1,IF(AND(BZ21=0,CB21=0),CA21/1,IF(AND(CA21=0,CB21=0),BZ21/1,IF(BZ21=0,FLOOR((CA21+CB21)/2,0.1),IF(CA21=0,(BZ21+CB21)/2,IF(CB21=0,(CA21+BZ21)/2,FLOOR(((BZ21+CA21+CB21)/3),0.1)))))))) -> 0 | CF21: =SUM(CD21:CE21) -> 0 | CG21: ='2ND TERM Db '!AV21 -> 0 | CH21: ='1ST TERM Db'!AV21 -> 0 | CI21: =IF(AND(CF21=0,CG21=0,CH21=0),0,IF(AND(CF21=0,CG21=0),CH21/1,IF(AND(CF21=0,CH21=0),CG21/1,IF(AND(CG21=0,CH21=0),CF21/1,IF(CF21=0,FLOOR((CG21+CH21)/2,0.1),IF(CG21=0,(CF21+CH21)/2,IF(CH21=0,(CG21+CF21)/2,FLOOR(((CF21+CG21+CH21)/3),0.1)))))))) -> 0 | CL21: =SUM(CJ21:CK21) -> 0 | CM21: ='2ND TERM Db '!AY21 -> 0 | CN21: ='1ST TERM Db'!AY21 -> 0 | CO21: =IF(AND(CL21=0,CM21=0,CN21=0),0,IF(AND(CL21=0,CM21=0),CN21/1,IF(AND(CL21=0,CN21=0),CM21/1,IF(AND(CM21=0,CN21=0),CL21/1,IF(CL21=0,FLOOR((CM21+CN21)/2,0.1),IF(CM21=0,(CL21+CN21)/2,IF(CN21=0,(CM21+CL21)/2,FLOOR(((CL21+CM21+CN21)/3),0.1)))))))) -> 0 | CR21: =SUM(CP21:CQ21) -> 0 | CS21: ='2ND TERM Db '!BB21 -> 0 | CT21: ='1ST TERM Db'!BB21 -> 0 | CU21: =IF(AND(CR21=0,CS21=0,CT21=0),0,IF(AND(CR21=0,CS21=0),CT21/1,IF(AND(CR21=0,CT21=0),CS21/1,IF(AND(CS21=0,CT21=0),CR21/1,IF(CR21=0,FLOOR((CS21+CT21)/2,0.1),IF(CS21=0,(CR21+CT21)/2,IF(CT21=0,(CS21+CR21)/2,FLOOR(((CR21+CS21+CT21)/3),0.1)))))))) -> 0 | CX21: =SUM(CV21:CW21) -> 0 | CY21: ='2ND TERM Db '!BE21 -> 0 | CZ21: ='1ST TERM Db'!BE21 -> 0 | DA21: =IF(AND(CX21=0,CY21=0,CZ21=0),0,IF(AND(CX21=0,CY21=0),CZ21/1,IF(AND(CX21=0,CZ21=0),CY21/1,IF(AND(CY21=0,CZ21=0),CX21/1,IF(CX21=0,FLOOR((CY21+CZ21)/2,0.1),IF(CY21=0,(CX21+CZ21)/2,IF(CZ21=0,(CY21+CX21)/2,FLOOR(((CX21+CY21+CZ21)/3),0.1)))))))) -> 0 | DD21: =SUM(DB21:DC21) -> 0 | DE21: ='2ND TERM Db '!BH21 -> 0 | DF21: ='1ST TERM Db'!BH21 -> 0 | DG21: =IF(AND(DD21=0,DE21=0,DF21=0),0,IF(AND(DD21=0,DE21=0),DF21/1,IF(AND(DD21=0,DF21=0),DE21/1,IF(AND(DE21=0,DF21=0),DD21/1,IF(DD21=0,FLOOR((DE21+DF21)/2,0.1),IF(DE21=0,(DD21+DF21)/2,IF(DF21=0,(DE21+DD21)/2,FLOOR(((DD21+DE21+DF21)/3),0.1)))))))) -> 0 | DJ21: =SUM(DH21:DI21) -> 0 | DK21: ='2ND TERM Db '!BK21 -> 0 | DL21: ='1ST TERM Db'!BK21 -> 0 | DM21: =IF(AND(DJ21=0,DK21=0,DL21=0),0,IF(AND(DJ21=0,DK21=0),DL21/1,IF(AND(DJ21=0,DL21=0),DK21/1,IF(AND(DK21=0,DL21=0),DJ21/1,IF(DJ21=0,FLOOR((DK21+DL21)/2,0.1),IF(DK21=0,(DJ21+DL21)/2,IF(DL21=0,(DK21+DJ21)/2,FLOOR(((DJ21+DK21+DL21)/3),0.1)))))))) -> 0 | DN21: =SUM(O21,U21,AA21,AG21,AM21,AS21,AY21,BE21,BK21,BQ21,BW21,CC21,CI21,CO21,CU21,DA21,DG21,DM21) -> 0 | DO21: =RANK(DN21,DN$4:DN$503) -> 12 | DP21: CHOOSE RATING | DQ21: CHOOSE RATING | DR21: CHOOSE RATING | DS21: CHOOSE RATING | DT21: CHOOSE RATING | DU21: CHOOSE RATING | DV21: CHOOSE RATING | DW21: CHOOSE RATING | DX21: 2025/2026 | DY21: THIRD | DZ21: CHOOSE RATING | EA21: CHOOSE RATING | EB21: CHOOSE RATING | EC21: CHOOSE RATING | ED21: CHOOSE RATING | EE21: CHOOSE RATING | EF21: CHOOSE RATING | EG21: Add the Tutor's Comment . . . | EH21: Choose Principals comment | EI21: Mr. Akinwale Ibrahim | EJ21: Next Term Begins on Monday, 14th September, 2026.
A22: 19 | B22: ='1ST TERM Db'!B22 -> BALOGUN AISHAT | C22: ='1ST TERM Db'!C22 -> 2297 | D22: ='1ST TERM Db'!D22 -> FEMALE | E22: ='1ST TERM Db'!E22 -> SSS3C | I22: =G22-H22 -> 0 | L22: =SUM(J22:K22) -> 0 | M22: ='2ND TERM Db '!L22 -> 0 | N22: ='1ST TERM Db'!L22 -> 0 | O22: =IF(AND(L22=0,M22=0,N22=0),0,IF(AND(L22=0,M22=0),N22/1,IF(AND(L22=0,N22=0),M22/1,IF(AND(M22=0,N22=0),L22/1,IF(L22=0,FLOOR((M22+N22)/2,0.1),IF(M22=0,(L22+N22)/2,IF(N22=0,(M22+L22)/2,FLOOR(((L22+M22+N22)/3),0.1)))))))) -> 0 | R22: =SUM(P22:Q22) -> 0 | S22: ='2ND TERM Db '!O22 -> 0 | T22: ='1ST TERM Db'!O22 -> 0 | U22: =IF(AND(R22=0,S22=0,T22=0),0,IF(AND(R22=0,S22=0),T22/1,IF(AND(R22=0,T22=0),S22/1,IF(AND(S22=0,T22=0),R22/1,IF(R22=0,FLOOR((S22+T22)/2,0.1),IF(S22=0,(R22+T22)/2,IF(T22=0,(S22+R22)/2,FLOOR(((R22+S22+T22)/3),0.1)))))))) -> 0 | X22: =SUM(V22:W22) -> 0 | Y22: ='2ND TERM Db '!R22 -> 0 | Z22: ='1ST TERM Db'!R22 -> 0 | AA22: =IF(AND(X22=0,Y22=0,Z22=0),0,IF(AND(X22=0,Y22=0),Z22/1,IF(AND(X22=0,Z22=0),Y22/1,IF(AND(Y22=0,Z22=0),X22/1,IF(X22=0,FLOOR((Y22+Z22)/2,0.1),IF(Y22=0,(X22+Z22)/2,IF(Z22=0,(Y22+X22)/2,FLOOR(((X22+Y22+Z22)/3),0.1)))))))) -> 0 | AD22: =SUM(AB22:AC22) -> 0 | AE22: ='2ND TERM Db '!U22 -> 0 | AF22: ='1ST TERM Db'!U22 -> 0 | AG22: =IF(AND(AD22=0,AE22=0,AF22=0),0,IF(AND(AD22=0,AE22=0),AF22/1,IF(AND(AD22=0,AF22=0),AE22/1,IF(AND(AE22=0,AF22=0),AD22/1,IF(AD22=0,FLOOR((AE22+AF22)/2,0.1),IF(AE22=0,(AD22+AF22)/2,IF(AF22=0,(AE22+AD22)/2,FLOOR(((AD22+AE22+AF22)/3),0.1)))))))) -> 0 | AJ22: =SUM(AH22:AI22) -> 0 | AK22: ='2ND TERM Db '!X22 -> 0 | AL22: ='1ST TERM Db'!X22 -> 0 | AM22: =IF(AND(AJ22=0,AK22=0,AL22=0),0,IF(AND(AJ22=0,AK22=0),AL22/1,IF(AND(AJ22=0,AL22=0),AK22/1,IF(AND(AK22=0,AL22=0),AJ22/1,IF(AJ22=0,FLOOR((AK22+AL22)/2,0.1),IF(AK22=0,(AJ22+AL22)/2,IF(AL22=0,(AK22+AJ22)/2,FLOOR(((AJ22+AK22+AL22)/3),0.1)))))))) -> 0 | AP22: =SUM(AN22:AO22) -> 0 | AQ22: ='2ND TERM Db '!AA22 -> 0 | AR22: ='1ST TERM Db'!AA22 -> 0 | AS22: =IF(AND(AP22=0,AQ22=0,AR22=0),0,IF(AND(AP22=0,AQ22=0),AR22/1,IF(AND(AP22=0,AR22=0),AQ22/1,IF(AND(AQ22=0,AR22=0),AP22/1,IF(AP22=0,FLOOR((AQ22+AR22)/2,0.1),IF(AQ22=0,(AP22+AR22)/2,IF(AR22=0,(AQ22+AP22)/2,FLOOR(((AP22+AQ22+AR22)/3),0.1)))))))) -> 0 | AV22: =SUM(AT22:AU22) -> 0 | AW22: ='2ND TERM Db '!AD22 -> 0 | AX22: ='1ST TERM Db'!AD22 -> 0 | AY22: =IF(AND(AV22=0,AW22=0,AX22=0),0,IF(AND(AV22=0,AW22=0),AX22/1,IF(AND(AV22=0,AX22=0),AW22/1,IF(AND(AW22=0,AX22=0),AV22/1,IF(AV22=0,FLOOR((AW22+AX22)/2,0.1),IF(AW22=0,(AV22+AX22)/2,IF(AX22=0,(AW22+AV22)/2,FLOOR(((AV22+AW22+AX22)/3),0.1)))))))) -> 0 | BB22: =SUM(AZ22:BA22) -> 0 | BC22: ='2ND TERM Db '!AG22 -> 0 | BD22: ='1ST TERM Db'!AG22 -> 0 | BE22: =IF(AND(BB22=0,BC22=0,BD22=0),0,IF(AND(BB22=0,BC22=0),BD22/1,IF(AND(BB22=0,BD22=0),BC22/1,IF(AND(BC22=0,BD22=0),BB22/1,IF(BB22=0,FLOOR((BC22+BD22)/2,0.1),IF(BC22=0,(BB22+BD22)/2,IF(BD22=0,(BC22+BB22)/2,FLOOR(((BB22+BC22+BD22)/3),0.1)))))))) -> 0 | BH22: =SUM(BF22:BG22) -> 0 | BI22: ='2ND TERM Db '!AJ22 -> 0 | BJ22: ='1ST TERM Db'!AJ22 -> 0 | BK22: =IF(AND(BH22=0,BI22=0,BJ22=0),0,IF(AND(BH22=0,BI22=0),BJ22/1,IF(AND(BH22=0,BJ22=0),BI22/1,IF(AND(BI22=0,BJ22=0),BH22/1,IF(BH22=0,FLOOR((BI22+BJ22)/2,0.1),IF(BI22=0,(BH22+BJ22)/2,IF(BJ22=0,(BI22+BH22)/2,FLOOR(((BH22+BI22+BJ22)/3),0.1)))))))) -> 0 | BN22: =SUM(BL22:BM22) -> 0 | BO22: ='2ND TERM Db '!AM22 -> 0 | BP22: ='1ST TERM Db'!AM22 -> 0 | BQ22: =IF(AND(BN22=0,BO22=0,BP22=0),0,IF(AND(BN22=0,BO22=0),BP22/1,IF(AND(BN22=0,BP22=0),BO22/1,IF(AND(BO22=0,BP22=0),BN22/1,IF(BN22=0,FLOOR((BO22+BP22)/2,0.1),IF(BO22=0,(BN22+BP22)/2,IF(BP22=0,(BO22+BN22)/2,FLOOR(((BN22+BO22+BP22)/3),0.1)))))))) -> 0 | BT22: =SUM(BR22:BS22) -> 0 | BU22: ='2ND TERM Db '!AP22 -> 0 | BV22: ='1ST TERM Db'!AP22 -> 0 | BW22: =IF(AND(BT22=0,BU22=0,BV22=0),0,IF(AND(BT22=0,BU22=0),BV22/1,IF(AND(BT22=0,BV22=0),BU22/1,IF(AND(BU22=0,BV22=0),BT22/1,IF(BT22=0,FLOOR((BU22+BV22)/2,0.1),IF(BU22=0,(BT22+BV22)/2,IF(BV22=0,(BU22+BT22)/2,FLOOR(((BT22+BU22+BV22)/3),0.1)))))))) -> 0 | BZ22: =SUM(BX22:BY22) -> 0 | CA22: ='2ND TERM Db '!AS22 -> 0 | CB22: ='1ST TERM Db'!AS22 -> 0 | CC22: =IF(AND(BZ22=0,CA22=0,CB22=0),0,IF(AND(BZ22=0,CA22=0),CB22/1,IF(AND(BZ22=0,CB22=0),CA22/1,IF(AND(CA22=0,CB22=0),BZ22/1,IF(BZ22=0,FLOOR((CA22+CB22)/2,0.1),IF(CA22=0,(BZ22+CB22)/2,IF(CB22=0,(CA22+BZ22)/2,FLOOR(((BZ22+CA22+CB22)/3),0.1)))))))) -> 0 | CF22: =SUM(CD22:CE22) -> 0 | CG22: ='2ND TERM Db '!AV22 -> 0 | CH22: ='1ST TERM Db'!AV22 -> 0 | CI22: =IF(AND(CF22=0,CG22=0,CH22=0),0,IF(AND(CF22=0,CG22=0),CH22/1,IF(AND(CF22=0,CH22=0),CG22/1,IF(AND(CG22=0,CH22=0),CF22/1,IF(CF22=0,FLOOR((CG22+CH22)/2,0.1),IF(CG22=0,(CF22+CH22)/2,IF(CH22=0,(CG22+CF22)/2,FLOOR(((CF22+CG22+CH22)/3),0.1)))))))) -> 0 | CL22: =SUM(CJ22:CK22) -> 0 | CM22: ='2ND TERM Db '!AY22 -> 0 | CN22: ='1ST TERM Db'!AY22 -> 0 | CO22: =IF(AND(CL22=0,CM22=0,CN22=0),0,IF(AND(CL22=0,CM22=0),CN22/1,IF(AND(CL22=0,CN22=0),CM22/1,IF(AND(CM22=0,CN22=0),CL22/1,IF(CL22=0,FLOOR((CM22+CN22)/2,0.1),IF(CM22=0,(CL22+CN22)/2,IF(CN22=0,(CM22+CL22)/2,FLOOR(((CL22+CM22+CN22)/3),0.1)))))))) -> 0 | CR22: =SUM(CP22:CQ22) -> 0 | CS22: ='2ND TERM Db '!BB22 -> 0 | CT22: ='1ST TERM Db'!BB22 -> 0 | CU22: =IF(AND(CR22=0,CS22=0,CT22=0),0,IF(AND(CR22=0,CS22=0),CT22/1,IF(AND(CR22=0,CT22=0),CS22/1,IF(AND(CS22=0,CT22=0),CR22/1,IF(CR22=0,FLOOR((CS22+CT22)/2,0.1),IF(CS22=0,(CR22+CT22)/2,IF(CT22=0,(CS22+CR22)/2,FLOOR(((CR22+CS22+CT22)/3),0.1)))))))) -> 0 | CX22: =SUM(CV22:CW22) -> 0 | CY22: ='2ND TERM Db '!BE22 -> 0 | CZ22: ='1ST TERM Db'!BE22 -> 0 | DA22: =IF(AND(CX22=0,CY22=0,CZ22=0),0,IF(AND(CX22=0,CY22=0),CZ22/1,IF(AND(CX22=0,CZ22=0),CY22/1,IF(AND(CY22=0,CZ22=0),CX22/1,IF(CX22=0,FLOOR((CY22+CZ22)/2,0.1),IF(CY22=0,(CX22+CZ22)/2,IF(CZ22=0,(CY22+CX22)/2,FLOOR(((CX22+CY22+CZ22)/3),0.1)))))))) -> 0 | DD22: =SUM(DB22:DC22) -> 0 | DE22: ='2ND TERM Db '!BH22 -> 0 | DF22: ='1ST TERM Db'!BH22 -> 0 | DG22: =IF(AND(DD22=0,DE22=0,DF22=0),0,IF(AND(DD22=0,DE22=0),DF22/1,IF(AND(DD22=0,DF22=0),DE22/1,IF(AND(DE22=0,DF22=0),DD22/1,IF(DD22=0,FLOOR((DE22+DF22)/2,0.1),IF(DE22=0,(DD22+DF22)/2,IF(DF22=0,(DE22+DD22)/2,FLOOR(((DD22+DE22+DF22)/3),0.1)))))))) -> 0 | DJ22: =SUM(DH22:DI22) -> 0 | DK22: ='2ND TERM Db '!BK22 -> 0 | DL22: ='1ST TERM Db'!BK22 -> 0 | DM22: =IF(AND(DJ22=0,DK22=0,DL22=0),0,IF(AND(DJ22=0,DK22=0),DL22/1,IF(AND(DJ22=0,DL22=0),DK22/1,IF(AND(DK22=0,DL22=0),DJ22/1,IF(DJ22=0,FLOOR((DK22+DL22)/2,0.1),IF(DK22=0,(DJ22+DL22)/2,IF(DL22=0,(DK22+DJ22)/2,FLOOR(((DJ22+DK22+DL22)/3),0.1)))))))) -> 0 | DN22: =SUM(O22,U22,AA22,AG22,AM22,AS22,AY22,BE22,BK22,BQ22,BW22,CC22,CI22,CO22,CU22,DA22,DG22:DM22) -> 0 | DO22: =RANK(DN22,DN$4:DN$503) -> 12 | DP22: CHOOSE RATING | DQ22: CHOOSE RATING | DR22: CHOOSE RATING | DS22: CHOOSE RATING | DT22: CHOOSE RATING | DU22: CHOOSE RATING | DV22: CHOOSE RATING | DW22: CHOOSE RATING | DX22: 2025/2026 | DY22: THIRD | DZ22: CHOOSE RATING | EA22: CHOOSE RATING | EB22: CHOOSE RATING | EC22: CHOOSE RATING | ED22: CHOOSE RATING | EE22: CHOOSE RATING | EF22: CHOOSE RATING | EG22: Add the Tutor's Comment . . . | EH22: Choose Principals comment | EI22: Mr. Akinwale Ibrahim | EJ22: Next Term Begins on Monday, 14th September, 2026.
A23: 20 | B23: ='1ST TERM Db'!B23 -> HAMMED NAFISAT | C23: ='1ST TERM Db'!C23 -> 2298 | D23: ='1ST TERM Db'!D23 -> FEMALE | E23: ='1ST TERM Db'!E23 -> SSS3C | I23: =G23-H23 -> 0 | L23: =SUM(J23:K23) -> 0 | M23: ='2ND TERM Db '!L23 -> 0 | N23: ='1ST TERM Db'!L23 -> 0 | O23: =IF(AND(L23=0,M23=0,N23=0),0,IF(AND(L23=0,M23=0),N23/1,IF(AND(L23=0,N23=0),M23/1,IF(AND(M23=0,N23=0),L23/1,IF(L23=0,FLOOR((M23+N23)/2,0.1),IF(M23=0,(L23+N23)/2,IF(N23=0,(M23+L23)/2,FLOOR(((L23+M23+N23)/3),0.1)))))))) -> 0 | R23: =SUM(P23:Q23) -> 0 | S23: ='2ND TERM Db '!O23 -> 0 | T23: ='1ST TERM Db'!O23 -> 0 | U23: =IF(AND(R23=0,S23=0,T23=0),0,IF(AND(R23=0,S23=0),T23/1,IF(AND(R23=0,T23=0),S23/1,IF(AND(S23=0,T23=0),R23/1,IF(R23=0,FLOOR((S23+T23)/2,0.1),IF(S23=0,(R23+T23)/2,IF(T23=0,(S23+R23)/2,FLOOR(((R23+S23+T23)/3),0.1)))))))) -> 0 | X23: =SUM(V23:W23) -> 0 | Y23: ='2ND TERM Db '!R23 -> 0 | Z23: ='1ST TERM Db'!R23 -> 0 | AA23: =IF(AND(X23=0,Y23=0,Z23=0),0,IF(AND(X23=0,Y23=0),Z23/1,IF(AND(X23=0,Z23=0),Y23/1,IF(AND(Y23=0,Z23=0),X23/1,IF(X23=0,FLOOR((Y23+Z23)/2,0.1),IF(Y23=0,(X23+Z23)/2,IF(Z23=0,(Y23+X23)/2,FLOOR(((X23+Y23+Z23)/3),0.1)))))))) -> 0 | AD23: =SUM(AB23:AC23) -> 0 | AE23: ='2ND TERM Db '!U23 -> 0 | AF23: ='1ST TERM Db'!U23 -> 0 | AG23: =IF(AND(AD23=0,AE23=0,AF23=0),0,IF(AND(AD23=0,AE23=0),AF23/1,IF(AND(AD23=0,AF23=0),AE23/1,IF(AND(AE23=0,AF23=0),AD23/1,IF(AD23=0,FLOOR((AE23+AF23)/2,0.1),IF(AE23=0,(AD23+AF23)/2,IF(AF23=0,(AE23+AD23)/2,FLOOR(((AD23+AE23+AF23)/3),0.1)))))))) -> 0 | AJ23: =SUM(AH23:AI23) -> 0 | AK23: ='2ND TERM Db '!X23 -> 0 | AL23: ='1ST TERM Db'!X23 -> 0 | AM23: =IF(AND(AJ23=0,AK23=0,AL23=0),0,IF(AND(AJ23=0,AK23=0),AL23/1,IF(AND(AJ23=0,AL23=0),AK23/1,IF(AND(AK23=0,AL23=0),AJ23/1,IF(AJ23=0,FLOOR((AK23+AL23)/2,0.1),IF(AK23=0,(AJ23+AL23)/2,IF(AL23=0,(AK23+AJ23)/2,FLOOR(((AJ23+AK23+AL23)/3),0.1)))))))) -> 0 | AP23: =SUM(AN23:AO23) -> 0 | AQ23: ='2ND TERM Db '!AA23 -> 0 | AR23: ='1ST TERM Db'!AA23 -> 0 | AS23: =IF(AND(AP23=0,AQ23=0,AR23=0),0,IF(AND(AP23=0,AQ23=0),AR23/1,IF(AND(AP23=0,AR23=0),AQ23/1,IF(AND(AQ23=0,AR23=0),AP23/1,IF(AP23=0,FLOOR((AQ23+AR23)/2,0.1),IF(AQ23=0,(AP23+AR23)/2,IF(AR23=0,(AQ23+AP23)/2,FLOOR(((AP23+AQ23+AR23)/3),0.1)))))))) -> 0 | AV23: =SUM(AT23:AU23) -> 0 | AW23: ='2ND TERM Db '!AD23 -> 0 | AX23: ='1ST TERM Db'!AD23 -> 0 | AY23: =IF(AND(AV23=0,AW23=0,AX23=0),0,IF(AND(AV23=0,AW23=0),AX23/1,IF(AND(AV23=0,AX23=0),AW23/1,IF(AND(AW23=0,AX23=0),AV23/1,IF(AV23=0,FLOOR((AW23+AX23)/2,0.1),IF(AW23=0,(AV23+AX23)/2,IF(AX23=0,(AW23+AV23)/2,FLOOR(((AV23+AW23+AX23)/3),0.1)))))))) -> 0 | BB23: =SUM(AZ23:BA23) -> 0 | BC23: ='2ND TERM Db '!AG23 -> 0 | BD23: ='1ST TERM Db'!AG23 -> 0 | BE23: =IF(AND(BB23=0,BC23=0,BD23=0),0,IF(AND(BB23=0,BC23=0),BD23/1,IF(AND(BB23=0,BD23=0),BC23/1,IF(AND(BC23=0,BD23=0),BB23/1,IF(BB23=0,FLOOR((BC23+BD23)/2,0.1),IF(BC23=0,(BB23+BD23)/2,IF(BD23=0,(BC23+BB23)/2,FLOOR(((BB23+BC23+BD23)/3),0.1)))))))) -> 0 | BH23: =SUM(BF23:BG23) -> 0 | BI23: ='2ND TERM Db '!AJ23 -> 0 | BJ23: ='1ST TERM Db'!AJ23 -> 0 | BK23: =IF(AND(BH23=0,BI23=0,BJ23=0),0,IF(AND(BH23=0,BI23=0),BJ23/1,IF(AND(BH23=0,BJ23=0),BI23/1,IF(AND(BI23=0,BJ23=0),BH23/1,IF(BH23=0,FLOOR((BI23+BJ23)/2,0.1),IF(BI23=0,(BH23+BJ23)/2,IF(BJ23=0,(BI23+BH23)/2,FLOOR(((BH23+BI23+BJ23)/3),0.1)))))))) -> 0 | BN23: =SUM(BL23:BM23) -> 0 | BO23: ='2ND TERM Db '!AM23 -> 0 | BP23: ='1ST TERM Db'!AM23 -> 0 | BQ23: =IF(AND(BN23=0,BO23=0,BP23=0),0,IF(AND(BN23=0,BO23=0),BP23/1,IF(AND(BN23=0,BP23=0),BO23/1,IF(AND(BO23=0,BP23=0),BN23/1,IF(BN23=0,FLOOR((BO23+BP23)/2,0.1),IF(BO23=0,(BN23+BP23)/2,IF(BP23=0,(BO23+BN23)/2,FLOOR(((BN23+BO23+BP23)/3),0.1)))))))) -> 0 | BT23: =SUM(BR23:BS23) -> 0 | BU23: ='2ND TERM Db '!AP23 -> 0 | BV23: ='1ST TERM Db'!AP23 -> 0 | BW23: =IF(AND(BT23=0,BU23=0,BV23=0),0,IF(AND(BT23=0,BU23=0),BV23/1,IF(AND(BT23=0,BV23=0),BU23/1,IF(AND(BU23=0,BV23=0),BT23/1,IF(BT23=0,FLOOR((BU23+BV23)/2,0.1),IF(BU23=0,(BT23+BV23)/2,IF(BV23=0,(BU23+BT23)/2,FLOOR(((BT23+BU23+BV23)/3),0.1)))))))) -> 0 | BZ23: =SUM(BX23:BY23) -> 0 | CA23: ='2ND TERM Db '!AS23 -> 0 | CB23: ='1ST TERM Db'!AS23 -> 0 | CC23: =IF(AND(BZ23=0,CA23=0,CB23=0),0,IF(AND(BZ23=0,CA23=0),CB23/1,IF(AND(BZ23=0,CB23=0),CA23/1,IF(AND(CA23=0,CB23=0),BZ23/1,IF(BZ23=0,FLOOR((CA23+CB23)/2,0.1),IF(CA23=0,(BZ23+CB23)/2,IF(CB23=0,(CA23+BZ23)/2,FLOOR(((BZ23+CA23+CB23)/3),0.1)))))))) -> 0 | CF23: =SUM(CD23:CE23) -> 0 | CG23: ='2ND TERM Db '!AV23 -> 0 | CH23: ='1ST TERM Db'!AV23 -> 0 | CI23: =IF(AND(CF23=0,CG23=0,CH23=0),0,IF(AND(CF23=0,CG23=0),CH23/1,IF(AND(CF23=0,CH23=0),CG23/1,IF(AND(CG23=0,CH23=0),CF23/1,IF(CF23=0,FLOOR((CG23+CH23)/2,0.1),IF(CG23=0,(CF23+CH23)/2,IF(CH23=0,(CG23+CF23)/2,FLOOR(((CF23+CG23+CH23)/3),0.1)))))))) -> 0 | CL23: =SUM(CJ23:CK23) -> 0 | CM23: ='2ND TERM Db '!AY23 -> 0 | CN23: ='1ST TERM Db'!AY23 -> 0 | CO23: =IF(AND(CL23=0,CM23=0,CN23=0),0,IF(AND(CL23=0,CM23=0),CN23/1,IF(AND(CL23=0,CN23=0),CM23/1,IF(AND(CM23=0,CN23=0),CL23/1,IF(CL23=0,FLOOR((CM23+CN23)/2,0.1),IF(CM23=0,(CL23+CN23)/2,IF(CN23=0,(CM23+CL23)/2,FLOOR(((CL23+CM23+CN23)/3),0.1)))))))) -> 0 | CR23: =SUM(CP23:CQ23) -> 0 | CS23: ='2ND TERM Db '!BB23 -> 0 | CT23: ='1ST TERM Db'!BB23 -> 0 | CU23: =IF(AND(CR23=0,CS23=0,CT23=0),0,IF(AND(CR23=0,CS23=0),CT23/1,IF(AND(CR23=0,CT23=0),CS23/1,IF(AND(CS23=0,CT23=0),CR23/1,IF(CR23=0,FLOOR((CS23+CT23)/2,0.1),IF(CS23=0,(CR23+CT23)/2,IF(CT23=0,(CS23+CR23)/2,FLOOR(((CR23+CS23+CT23)/3),0.1)))))))) -> 0 | CX23: =SUM(CV23:CW23) -> 0 | CY23: ='2ND TERM Db '!BE23 -> 0 | CZ23: ='1ST TERM Db'!BE23 -> 0 | DA23: =IF(AND(CX23=0,CY23=0,CZ23=0),0,IF(AND(CX23=0,CY23=0),CZ23/1,IF(AND(CX23=0,CZ23=0),CY23/1,IF(AND(CY23=0,CZ23=0),CX23/1,IF(CX23=0,FLOOR((CY23+CZ23)/2,0.1),IF(CY23=0,(CX23+CZ23)/2,IF(CZ23=0,(CY23+CX23)/2,FLOOR(((CX23+CY23+CZ23)/3),0.1)))))))) -> 0 | DD23: =SUM(DB23:DC23) -> 0 | DE23: ='2ND TERM Db '!BH23 -> 0 | DF23: ='1ST TERM Db'!BH23 -> 0 | DG23: =IF(AND(DD23=0,DE23=0,DF23=0),0,IF(AND(DD23=0,DE23=0),DF23/1,IF(AND(DD23=0,DF23=0),DE23/1,IF(AND(DE23=0,DF23=0),DD23/1,IF(DD23=0,FLOOR((DE23+DF23)/2,0.1),IF(DE23=0,(DD23+DF23)/2,IF(DF23=0,(DE23+DD23)/2,FLOOR(((DD23+DE23+DF23)/3),0.1)))))))) -> 0 | DJ23: =SUM(DH23:DI23) -> 0 | DK23: ='2ND TERM Db '!BK23 -> 0 | DL23: ='1ST TERM Db'!BK23 -> 0 | DM23: =IF(AND(DJ23=0,DK23=0,DL23=0),0,IF(AND(DJ23=0,DK23=0),DL23/1,IF(AND(DJ23=0,DL23=0),DK23/1,IF(AND(DK23=0,DL23=0),DJ23/1,IF(DJ23=0,FLOOR((DK23+DL23)/2,0.1),IF(DK23=0,(DJ23+DL23)/2,IF(DL23=0,(DK23+DJ23)/2,FLOOR(((DJ23+DK23+DL23)/3),0.1)))))))) -> 0 | DN23: =SUM(O23,U23,AA23,AG23,AM23,AS23,AY23,BE23,BK23,BQ23,BW23,CC23,CI23,CO23,CU23,DA23,DG23,DM23) -> 0 | DO23: =RANK(DN23,DN$4:DN$503) -> 12 | DP23: CHOOSE RATING | DQ23: CHOOSE RATING | DR23: CHOOSE RATING | DS23: CHOOSE RATING | DT23: CHOOSE RATING | DU23: CHOOSE RATING | DV23: CHOOSE RATING | DW23: CHOOSE RATING | DX23: 2025/2026 | DY23: THIRD | DZ23: CHOOSE RATING | EA23: CHOOSE RATING | EB23: CHOOSE RATING | EC23: CHOOSE RATING | ED23: CHOOSE RATING | EE23: CHOOSE RATING | EF23: CHOOSE RATING | EG23: Add the Tutor's Comment . . . | EH23: Choose Principals comment | EI23: Mr. Akinwale Ibrahim | EJ23: Next Term Begins on Monday, 14th September, 2026.
A24: 21 | B24: ='1ST TERM Db'!B24 -> ISIAK ALIMOT | C24: ='1ST TERM Db'!C24 -> 2300 | D24: ='1ST TERM Db'!D24 -> FEMALE | E24: ='1ST TERM Db'!E24 -> SSS3C | I24: =G24-H24 -> 0 | L24: =SUM(J24:K24) -> 0 | M24: ='2ND TERM Db '!L24 -> 0 | N24: ='1ST TERM Db'!L24 -> 0 | O24: =IF(AND(L24=0,M24=0,N24=0),0,IF(AND(L24=0,M24=0),N24/1,IF(AND(L24=0,N24=0),M24/1,IF(AND(M24=0,N24=0),L24/1,IF(L24=0,FLOOR((M24+N24)/2,0.1),IF(M24=0,(L24+N24)/2,IF(N24=0,(M24+L24)/2,FLOOR(((L24+M24+N24)/3),0.1)))))))) -> 0 | R24: =SUM(P24:Q24) -> 0 | S24: ='2ND TERM Db '!O24 -> 0 | T24: ='1ST TERM Db'!O24 -> 0 | U24: =IF(AND(R24=0,S24=0,T24=0),0,IF(AND(R24=0,S24=0),T24/1,IF(AND(R24=0,T24=0),S24/1,IF(AND(S24=0,T24=0),R24/1,IF(R24=0,FLOOR((S24+T24)/2,0.1),IF(S24=0,(R24+T24)/2,IF(T24=0,(S24+R24)/2,FLOOR(((R24+S24+T24)/3),0.1)))))))) -> 0 | X24: =SUM(V24:W24) -> 0 | Y24: ='2ND TERM Db '!R24 -> 0 | Z24: ='1ST TERM Db'!R24 -> 0 | AA24: =IF(AND(X24=0,Y24=0,Z24=0),0,IF(AND(X24=0,Y24=0),Z24/1,IF(AND(X24=0,Z24=0),Y24/1,IF(AND(Y24=0,Z24=0),X24/1,IF(X24=0,FLOOR((Y24+Z24)/2,0.1),IF(Y24=0,(X24+Z24)/2,IF(Z24=0,(Y24+X24)/2,FLOOR(((X24+Y24+Z24)/3),0.1)))))))) -> 0 | AD24: =SUM(AB24:AC24) -> 0 | AE24: ='2ND TERM Db '!U24 -> 0 | AF24: ='1ST TERM Db'!U24 -> 0 | AG24: =IF(AND(AD24=0,AE24=0,AF24=0),0,IF(AND(AD24=0,AE24=0),AF24/1,IF(AND(AD24=0,AF24=0),AE24/1,IF(AND(AE24=0,AF24=0),AD24/1,IF(AD24=0,FLOOR((AE24+AF24)/2,0.1),IF(AE24=0,(AD24+AF24)/2,IF(AF24=0,(AE24+AD24)/2,FLOOR(((AD24+AE24+AF24)/3),0.1)))))))) -> 0 | AJ24: =SUM(AH24:AI24) -> 0 | AK24: ='2ND TERM Db '!X24 -> 0 | AL24: ='1ST TERM Db'!X24 -> 0 | AM24: =IF(AND(AJ24=0,AK24=0,AL24=0),0,IF(AND(AJ24=0,AK24=0),AL24/1,IF(AND(AJ24=0,AL24=0),AK24/1,IF(AND(AK24=0,AL24=0),AJ24/1,IF(AJ24=0,FLOOR((AK24+AL24)/2,0.1),IF(AK24=0,(AJ24+AL24)/2,IF(AL24=0,(AK24+AJ24)/2,FLOOR(((AJ24+AK24+AL24)/3),0.1)))))))) -> 0 | AP24: =SUM(AN24:AO24) -> 0 | AQ24: ='2ND TERM Db '!AA24 -> 0 | AR24: ='1ST TERM Db'!AA24 -> 0 | AS24: =IF(AND(AP24=0,AQ24=0,AR24=0),0,IF(AND(AP24=0,AQ24=0),AR24/1,IF(AND(AP24=0,AR24=0),AQ24/1,IF(AND(AQ24=0,AR24=0),AP24/1,IF(AP24=0,FLOOR((AQ24+AR24)/2,0.1),IF(AQ24=0,(AP24+AR24)/2,IF(AR24=0,(AQ24+AP24)/2,FLOOR(((AP24+AQ24+AR24)/3),0.1)))))))) -> 0 | AV24: =SUM(AT24:AU24) -> 0 | AW24: ='2ND TERM Db '!AD24 -> 0 | AX24: ='1ST TERM Db'!AD24 -> 0 | AY24: =IF(AND(AV24=0,AW24=0,AX24=0),0,IF(AND(AV24=0,AW24=0),AX24/1,IF(AND(AV24=0,AX24=0),AW24/1,IF(AND(AW24=0,AX24=0),AV24/1,IF(AV24=0,FLOOR((AW24+AX24)/2,0.1),IF(AW24=0,(AV24+AX24)/2,IF(AX24=0,(AW24+AV24)/2,FLOOR(((AV24+AW24+AX24)/3),0.1)))))))) -> 0 | BB24: =SUM(AZ24:BA24) -> 0 | BC24: ='2ND TERM Db '!AG24 -> 0 | BD24: ='1ST TERM Db'!AG24 -> 0 | BE24: =IF(AND(BB24=0,BC24=0,BD24=0),0,IF(AND(BB24=0,BC24=0),BD24/1,IF(AND(BB24=0,BD24=0),BC24/1,IF(AND(BC24=0,BD24=0),BB24/1,IF(BB24=0,FLOOR((BC24+BD24)/2,0.1),IF(BC24=0,(BB24+BD24)/2,IF(BD24=0,(BC24+BB24)/2,FLOOR(((BB24+BC24+BD24)/3),0.1)))))))) -> 0 | BH24: =SUM(BF24:BG24) -> 0 | BI24: ='2ND TERM Db '!AJ24 -> 0 | BJ24: ='1ST TERM Db'!AJ24 -> 29 | BK24: =IF(AND(BH24=0,BI24=0,BJ24=0),0,IF(AND(BH24=0,BI24=0),BJ24/1,IF(AND(BH24=0,BJ24=0),BI24/1,IF(AND(BI24=0,BJ24=0),BH24/1,IF(BH24=0,FLOOR((BI24+BJ24)/2,0.1),IF(BI24=0,(BH24+BJ24)/2,IF(BJ24=0,(BI24+BH24)/2,FLOOR(((BH24+BI24+BJ24)/3),0.1)))))))) -> 29 | BN24: =SUM(BL24:BM24) -> 0 | BO24: ='2ND TERM Db '!AM24 -> 0 | BP24: ='1ST TERM Db'!AM24 -> 0 | BQ24: =IF(AND(BN24=0,BO24=0,BP24=0),0,IF(AND(BN24=0,BO24=0),BP24/1,IF(AND(BN24=0,BP24=0),BO24/1,IF(AND(BO24=0,BP24=0),BN24/1,IF(BN24=0,FLOOR((BO24+BP24)/2,0.1),IF(BO24=0,(BN24+BP24)/2,IF(BP24=0,(BO24+BN24)/2,FLOOR(((BN24+BO24+BP24)/3),0.1)))))))) -> 0 | BT24: =SUM(BR24:BS24) -> 0 | BU24: ='2ND TERM Db '!AP24 -> 0 | BV24: ='1ST TERM Db'!AP24 -> 0 | BW24: =IF(AND(BT24=0,BU24=0,BV24=0),0,IF(AND(BT24=0,BU24=0),BV24/1,IF(AND(BT24=0,BV24=0),BU24/1,IF(AND(BU24=0,BV24=0),BT24/1,IF(BT24=0,FLOOR((BU24+BV24)/2,0.1),IF(BU24=0,(BT24+BV24)/2,IF(BV24=0,(BU24+BT24)/2,FLOOR(((BT24+BU24+BV24)/3),0.1)))))))) -> 0 | BZ24: =SUM(BX24:BY24) -> 0 | CA24: ='2ND TERM Db '!AS24 -> 0 | CB24: ='1ST TERM Db'!AS24 -> 0 | CC24: =IF(AND(BZ24=0,CA24=0,CB24=0),0,IF(AND(BZ24=0,CA24=0),CB24/1,IF(AND(BZ24=0,CB24=0),CA24/1,IF(AND(CA24=0,CB24=0),BZ24/1,IF(BZ24=0,FLOOR((CA24+CB24)/2,0.1),IF(CA24=0,(BZ24+CB24)/2,IF(CB24=0,(CA24+BZ24)/2,FLOOR(((BZ24+CA24+CB24)/3),0.1)))))))) -> 0 | CF24: =SUM(CD24:CE24) -> 0 | CG24: ='2ND TERM Db '!AV24 -> 0 | CH24: ='1ST TERM Db'!AV24 -> 0 | CI24: =IF(AND(CF24=0,CG24=0,CH24=0),0,IF(AND(CF24=0,CG24=0),CH24/1,IF(AND(CF24=0,CH24=0),CG24/1,IF(AND(CG24=0,CH24=0),CF24/1,IF(CF24=0,FLOOR((CG24+CH24)/2,0.1),IF(CG24=0,(CF24+CH24)/2,IF(CH24=0,(CG24+CF24)/2,FLOOR(((CF24+CG24+CH24)/3),0.1)))))))) -> 0 | CL24: =SUM(CJ24:CK24) -> 0 | CM24: ='2ND TERM Db '!AY24 -> 0 | CN24: ='1ST TERM Db'!AY24 -> 0 | CO24: =IF(AND(CL24=0,CM24=0,CN24=0),0,IF(AND(CL24=0,CM24=0),CN24/1,IF(AND(CL24=0,CN24=0),CM24/1,IF(AND(CM24=0,CN24=0),CL24/1,IF(CL24=0,FLOOR((CM24+CN24)/2,0.1),IF(CM24=0,(CL24+CN24)/2,IF(CN24=0,(CM24+CL24)/2,FLOOR(((CL24+CM24+CN24)/3),0.1)))))))) -> 0 | CR24: =SUM(CP24:CQ24) -> 0 | CS24: ='2ND TERM Db '!BB24 -> 0 | CT24: ='1ST TERM Db'!BB24 -> 0 | CU24: =IF(AND(CR24=0,CS24=0,CT24=0),0,IF(AND(CR24=0,CS24=0),CT24/1,IF(AND(CR24=0,CT24=0),CS24/1,IF(AND(CS24=0,CT24=0),CR24/1,IF(CR24=0,FLOOR((CS24+CT24)/2,0.1),IF(CS24=0,(CR24+CT24)/2,IF(CT24=0,(CS24+CR24)/2,FLOOR(((CR24+CS24+CT24)/3),0.1)))))))) -> 0 | CX24: =SUM(CV24:CW24) -> 0 | CY24: ='2ND TERM Db '!BE24 -> 0 | CZ24: ='1ST TERM Db'!BE24 -> 0 | DA24: =IF(AND(CX24=0,CY24=0,CZ24=0),0,IF(AND(CX24=0,CY24=0),CZ24/1,IF(AND(CX24=0,CZ24=0),CY24/1,IF(AND(CY24=0,CZ24=0),CX24/1,IF(CX24=0,FLOOR((CY24+CZ24)/2,0.1),IF(CY24=0,(CX24+CZ24)/2,IF(CZ24=0,(CY24+CX24)/2,FLOOR(((CX24+CY24+CZ24)/3),0.1)))))))) -> 0 | DD24: =SUM(DB24:DC24) -> 0 | DE24: ='2ND TERM Db '!BH24 -> 0 | DF24: ='1ST TERM Db'!BH24 -> 0 | DG24: =IF(AND(DD24=0,DE24=0,DF24=0),0,IF(AND(DD24=0,DE24=0),DF24/1,IF(AND(DD24=0,DF24=0),DE24/1,IF(AND(DE24=0,DF24=0),DD24/1,IF(DD24=0,FLOOR((DE24+DF24)/2,0.1),IF(DE24=0,(DD24+DF24)/2,IF(DF24=0,(DE24+DD24)/2,FLOOR(((DD24+DE24+DF24)/3),0.1)))))))) -> 0 | DJ24: =SUM(DH24:DI24) -> 0 | DK24: ='2ND TERM Db '!BK24 -> 0 | DL24: ='1ST TERM Db'!BK24 -> 0 | DM24: =IF(AND(DJ24=0,DK24=0,DL24=0),0,IF(AND(DJ24=0,DK24=0),DL24/1,IF(AND(DJ24=0,DL24=0),DK24/1,IF(AND(DK24=0,DL24=0),DJ24/1,IF(DJ24=0,FLOOR((DK24+DL24)/2,0.1),IF(DK24=0,(DJ24+DL24)/2,IF(DL24=0,(DK24+DJ24)/2,FLOOR(((DJ24+DK24+DL24)/3),0.1)))))))) -> 0 | DN24: =SUM(O24,U24,AA24,AG24,AM24,AS24,AY24,BE24,BK24,BQ24,BW24,CC24,CI24,CO24,CU24,DA24,DG24:DM24) -> 29 | DO24: =RANK(DN24,DN$4:DN$503) -> 8 | DP24: CHOOSE RATING | DQ24: CHOOSE RATING | DR24: CHOOSE RATING | DS24: CHOOSE RATING | DT24: CHOOSE RATING | DU24: CHOOSE RATING | DV24: CHOOSE RATING | DW24: CHOOSE RATING | DX24: 2025/2026 | DY24: THIRD | DZ24: CHOOSE RATING | EA24: CHOOSE RATING | EB24: CHOOSE RATING | EC24: CHOOSE RATING | ED24: CHOOSE RATING | EE24: CHOOSE RATING | EF24: CHOOSE RATING | EG24: Add the Tutor's Comment . . . | EH24: Choose Principals comment | EI24: Mr. Akinwale Ibrahim | EJ24: Next Term Begins on Monday, 14th September, 2026.
A25: 22 | B25: ='1ST TERM Db'!B25 -> LAMIDI AMINAT | C25: ='1ST TERM Db'!C25 -> 2400 | D25: ='1ST TERM Db'!D25 -> FEMALE | E25: ='1ST TERM Db'!E25 -> SSS3C | I25: =G25-H25 -> 0 | L25: =SUM(J25:K25) -> 0 | M25: ='2ND TERM Db '!L25 -> 0 | N25: ='1ST TERM Db'!L25 -> 0 | O25: =IF(AND(L25=0,M25=0,N25=0),0,IF(AND(L25=0,M25=0),N25/1,IF(AND(L25=0,N25=0),M25/1,IF(AND(M25=0,N25=0),L25/1,IF(L25=0,FLOOR((M25+N25)/2,0.1),IF(M25=0,(L25+N25)/2,IF(N25=0,(M25+L25)/2,FLOOR(((L25+M25+N25)/3),0.1)))))))) -> 0 | R25: =SUM(P25:Q25) -> 0 | S25: ='2ND TERM Db '!O25 -> 0 | T25: ='1ST TERM Db'!O25 -> 0 | U25: =IF(AND(R25=0,S25=0,T25=0),0,IF(AND(R25=0,S25=0),T25/1,IF(AND(R25=0,T25=0),S25/1,IF(AND(S25=0,T25=0),R25/1,IF(R25=0,FLOOR((S25+T25)/2,0.1),IF(S25=0,(R25+T25)/2,IF(T25=0,(S25+R25)/2,FLOOR(((R25+S25+T25)/3),0.1)))))))) -> 0 | X25: =SUM(V25:W25) -> 0 | Y25: ='2ND TERM Db '!R25 -> 0 | Z25: ='1ST TERM Db'!R25 -> 0 | AA25: =IF(AND(X25=0,Y25=0,Z25=0),0,IF(AND(X25=0,Y25=0),Z25/1,IF(AND(X25=0,Z25=0),Y25/1,IF(AND(Y25=0,Z25=0),X25/1,IF(X25=0,FLOOR((Y25+Z25)/2,0.1),IF(Y25=0,(X25+Z25)/2,IF(Z25=0,(Y25+X25)/2,FLOOR(((X25+Y25+Z25)/3),0.1)))))))) -> 0 | AD25: =SUM(AB25:AC25) -> 0 | AE25: ='2ND TERM Db '!U25 -> 0 | AF25: ='1ST TERM Db'!U25 -> 0 | AG25: =IF(AND(AD25=0,AE25=0,AF25=0),0,IF(AND(AD25=0,AE25=0),AF25/1,IF(AND(AD25=0,AF25=0),AE25/1,IF(AND(AE25=0,AF25=0),AD25/1,IF(AD25=0,FLOOR((AE25+AF25)/2,0.1),IF(AE25=0,(AD25+AF25)/2,IF(AF25=0,(AE25+AD25)/2,FLOOR(((AD25+AE25+AF25)/3),0.1)))))))) -> 0 | AJ25: =SUM(AH25:AI25) -> 0 | AK25: ='2ND TERM Db '!X25 -> 0 | AL25: ='1ST TERM Db'!X25 -> 0 | AM25: =IF(AND(AJ25=0,AK25=0,AL25=0),0,IF(AND(AJ25=0,AK25=0),AL25/1,IF(AND(AJ25=0,AL25=0),AK25/1,IF(AND(AK25=0,AL25=0),AJ25/1,IF(AJ25=0,FLOOR((AK25+AL25)/2,0.1),IF(AK25=0,(AJ25+AL25)/2,IF(AL25=0,(AK25+AJ25)/2,FLOOR(((AJ25+AK25+AL25)/3),0.1)))))))) -> 0 | AP25: =SUM(AN25:AO25) -> 0 | AQ25: ='2ND TERM Db '!AA25 -> 0 | AR25: ='1ST TERM Db'!AA25 -> 0 | AS25: =IF(AND(AP25=0,AQ25=0,AR25=0),0,IF(AND(AP25=0,AQ25=0),AR25/1,IF(AND(AP25=0,AR25=0),AQ25/1,IF(AND(AQ25=0,AR25=0),AP25/1,IF(AP25=0,FLOOR((AQ25+AR25)/2,0.1),IF(AQ25=0,(AP25+AR25)/2,IF(AR25=0,(AQ25+AP25)/2,FLOOR(((AP25+AQ25+AR25)/3),0.1)))))))) -> 0 | AV25: =SUM(AT25:AU25) -> 0 | AW25: ='2ND TERM Db '!AD25 -> 0 | AX25: ='1ST TERM Db'!AD25 -> 0 | AY25: =IF(AND(AV25=0,AW25=0,AX25=0),0,IF(AND(AV25=0,AW25=0),AX25/1,IF(AND(AV25=0,AX25=0),AW25/1,IF(AND(AW25=0,AX25=0),AV25/1,IF(AV25=0,FLOOR((AW25+AX25)/2,0.1),IF(AW25=0,(AV25+AX25)/2,IF(AX25=0,(AW25+AV25)/2,FLOOR(((AV25+AW25+AX25)/3),0.1)))))))) -> 0 | BB25: =SUM(AZ25:BA25) -> 0 | BC25: ='2ND TERM Db '!AG25 -> 0 | BD25: ='1ST TERM Db'!AG25 -> 0 | BE25: =IF(AND(BB25=0,BC25=0,BD25=0),0,IF(AND(BB25=0,BC25=0),BD25/1,IF(AND(BB25=0,BD25=0),BC25/1,IF(AND(BC25=0,BD25=0),BB25/1,IF(BB25=0,FLOOR((BC25+BD25)/2,0.1),IF(BC25=0,(BB25+BD25)/2,IF(BD25=0,(BC25+BB25)/2,FLOOR(((BB25+BC25+BD25)/3),0.1)))))))) -> 0 | BH25: =SUM(BF25:BG25) -> 0 | BI25: ='2ND TERM Db '!AJ25 -> 0 | BJ25: ='1ST TERM Db'!AJ25 -> 0 | BK25: =IF(AND(BH25=0,BI25=0,BJ25=0),0,IF(AND(BH25=0,BI25=0),BJ25/1,IF(AND(BH25=0,BJ25=0),BI25/1,IF(AND(BI25=0,BJ25=0),BH25/1,IF(BH25=0,FLOOR((BI25+BJ25)/2,0.1),IF(BI25=0,(BH25+BJ25)/2,IF(BJ25=0,(BI25+BH25)/2,FLOOR(((BH25+BI25+BJ25)/3),0.1)))))))) -> 0 | BN25: =SUM(BL25:BM25) -> 0 | BO25: ='2ND TERM Db '!AM25 -> 0 | BP25: ='1ST TERM Db'!AM25 -> 0 | BQ25: =IF(AND(BN25=0,BO25=0,BP25=0),0,IF(AND(BN25=0,BO25=0),BP25/1,IF(AND(BN25=0,BP25=0),BO25/1,IF(AND(BO25=0,BP25=0),BN25/1,IF(BN25=0,FLOOR((BO25+BP25)/2,0.1),IF(BO25=0,(BN25+BP25)/2,IF(BP25=0,(BO25+BN25)/2,FLOOR(((BN25+BO25+BP25)/3),0.1)))))))) -> 0 | BT25: =SUM(BR25:BS25) -> 0 | BU25: ='2ND TERM Db '!AP25 -> 0 | BV25: ='1ST TERM Db'!AP25 -> 0 | BW25: =IF(AND(BT25=0,BU25=0,BV25=0),0,IF(AND(BT25=0,BU25=0),BV25/1,IF(AND(BT25=0,BV25=0),BU25/1,IF(AND(BU25=0,BV25=0),BT25/1,IF(BT25=0,FLOOR((BU25+BV25)/2,0.1),IF(BU25=0,(BT25+BV25)/2,IF(BV25=0,(BU25+BT25)/2,FLOOR(((BT25+BU25+BV25)/3),0.1)))))))) -> 0 | BZ25: =SUM(BX25:BY25) -> 0 | CA25: ='2ND TERM Db '!AS25 -> 0 | CB25: ='1ST TERM Db'!AS25 -> 0 | CC25: =IF(AND(BZ25=0,CA25=0,CB25=0),0,IF(AND(BZ25=0,CA25=0),CB25/1,IF(AND(BZ25=0,CB25=0),CA25/1,IF(AND(CA25=0,CB25=0),BZ25/1,IF(BZ25=0,FLOOR((CA25+CB25)/2,0.1),IF(CA25=0,(BZ25+CB25)/2,IF(CB25=0,(CA25+BZ25)/2,FLOOR(((BZ25+CA25+CB25)/3),0.1)))))))) -> 0 | CF25: =SUM(CD25:CE25) -> 0 | CG25: ='2ND TERM Db '!AV25 -> 0 | CH25: ='1ST TERM Db'!AV25 -> 0 | CI25: =IF(AND(CF25=0,CG25=0,CH25=0),0,IF(AND(CF25=0,CG25=0),CH25/1,IF(AND(CF25=0,CH25=0),CG25/1,IF(AND(CG25=0,CH25=0),CF25/1,IF(CF25=0,FLOOR((CG25+CH25)/2,0.1),IF(CG25=0,(CF25+CH25)/2,IF(CH25=0,(CG25+CF25)/2,FLOOR(((CF25+CG25+CH25)/3),0.1)))))))) -> 0 | CL25: =SUM(CJ25:CK25) -> 0 | CM25: ='2ND TERM Db '!AY25 -> 0 | CN25: ='1ST TERM Db'!AY25 -> 0 | CO25: =IF(AND(CL25=0,CM25=0,CN25=0),0,IF(AND(CL25=0,CM25=0),CN25/1,IF(AND(CL25=0,CN25=0),CM25/1,IF(AND(CM25=0,CN25=0),CL25/1,IF(CL25=0,FLOOR((CM25+CN25)/2,0.1),IF(CM25=0,(CL25+CN25)/2,IF(CN25=0,(CM25+CL25)/2,FLOOR(((CL25+CM25+CN25)/3),0.1)))))))) -> 0 | CR25: =SUM(CP25:CQ25) -> 0 | CS25: ='2ND TERM Db '!BB25 -> 0 | CT25: ='1ST TERM Db'!BB25 -> 0 | CU25: =IF(AND(CR25=0,CS25=0,CT25=0),0,IF(AND(CR25=0,CS25=0),CT25/1,IF(AND(CR25=0,CT25=0),CS25/1,IF(AND(CS25=0,CT25=0),CR25/1,IF(CR25=0,FLOOR((CS25+CT25)/2,0.1),IF(CS25=0,(CR25+CT25)/2,IF(CT25=0,(CS25+CR25)/2,FLOOR(((CR25+CS25+CT25)/3),0.1)))))))) -> 0 | CX25: =SUM(CV25:CW25) -> 0 | CY25: ='2ND TERM Db '!BE25 -> 0 | CZ25: ='1ST TERM Db'!BE25 -> 0 | DA25: =IF(AND(CX25=0,CY25=0,CZ25=0),0,IF(AND(CX25=0,CY25=0),CZ25/1,IF(AND(CX25=0,CZ25=0),CY25/1,IF(AND(CY25=0,CZ25=0),CX25/1,IF(CX25=0,FLOOR((CY25+CZ25)/2,0.1),IF(CY25=0,(CX25+CZ25)/2,IF(CZ25=0,(CY25+CX25)/2,FLOOR(((CX25+CY25+CZ25)/3),0.1)))))))) -> 0 | DD25: =SUM(DB25:DC25) -> 0 | DE25: ='2ND TERM Db '!BH25 -> 0 | DF25: ='1ST TERM Db'!BH25 -> 0 | DG25: =IF(AND(DD25=0,DE25=0,DF25=0),0,IF(AND(DD25=0,DE25=0),DF25/1,IF(AND(DD25=0,DF25=0),DE25/1,IF(AND(DE25=0,DF25=0),DD25/1,IF(DD25=0,FLOOR((DE25+DF25)/2,0.1),IF(DE25=0,(DD25+DF25)/2,IF(DF25=0,(DE25+DD25)/2,FLOOR(((DD25+DE25+DF25)/3),0.1)))))))) -> 0 | DJ25: =SUM(DH25:DI25) -> 0 | DK25: ='2ND TERM Db '!BK25 -> 0 | DL25: ='1ST TERM Db'!BK25 -> 0 | DM25: =IF(AND(DJ25=0,DK25=0,DL25=0),0,IF(AND(DJ25=0,DK25=0),DL25/1,IF(AND(DJ25=0,DL25=0),DK25/1,IF(AND(DK25=0,DL25=0),DJ25/1,IF(DJ25=0,FLOOR((DK25+DL25)/2,0.1),IF(DK25=0,(DJ25+DL25)/2,IF(DL25=0,(DK25+DJ25)/2,FLOOR(((DJ25+DK25+DL25)/3),0.1)))))))) -> 0 | DN25: =SUM(O25,U25,AA25,AG25,AM25,AS25,AY25,BE25,BK25,BQ25,BW25,CC25,CI25,CO25,CU25,DA25,DG25,DM25) -> 0 | DO25: =RANK(DN25,DN$4:DN$503) -> 12 | DP25: CHOOSE RATING | DQ25: CHOOSE RATING | DR25: CHOOSE RATING | DS25: CHOOSE RATING | DT25: CHOOSE RATING | DU25: CHOOSE RATING | DV25: CHOOSE RATING | DW25: CHOOSE RATING | DX25: 2025/2026 | DY25: THIRD | DZ25: CHOOSE RATING | EA25: CHOOSE RATING | EB25: CHOOSE RATING | EC25: CHOOSE RATING | ED25: CHOOSE RATING | EE25: CHOOSE RATING | EF25: CHOOSE RATING | EG25: Add the Tutor's Comment . . . | EH25: Choose Principals comment | EI25: Mr. Akinwale Ibrahim | EJ25: Next Term Begins on Monday, 14th September, 2026.
A26: 23 | B26: ='1ST TERM Db'!B26 -> LAWAL TEMILADE | C26: ='1ST TERM Db'!C26 -> 2302 | D26: ='1ST TERM Db'!D26 -> FEMALE | E26: ='1ST TERM Db'!E26 -> SSS3C | I26: =G26-H26 -> 0 | L26: =SUM(J26:K26) -> 0 | M26: ='2ND TERM Db '!L26 -> 0 | N26: ='1ST TERM Db'!L26 -> 0 | O26: =IF(AND(L26=0,M26=0,N26=0),0,IF(AND(L26=0,M26=0),N26/1,IF(AND(L26=0,N26=0),M26/1,IF(AND(M26=0,N26=0),L26/1,IF(L26=0,FLOOR((M26+N26)/2,0.1),IF(M26=0,(L26+N26)/2,IF(N26=0,(M26+L26)/2,FLOOR(((L26+M26+N26)/3),0.1)))))))) -> 0 | R26: =SUM(P26:Q26) -> 0 | S26: ='2ND TERM Db '!O26 -> 0 | T26: ='1ST TERM Db'!O26 -> 0 | U26: =IF(AND(R26=0,S26=0,T26=0),0,IF(AND(R26=0,S26=0),T26/1,IF(AND(R26=0,T26=0),S26/1,IF(AND(S26=0,T26=0),R26/1,IF(R26=0,FLOOR((S26+T26)/2,0.1),IF(S26=0,(R26+T26)/2,IF(T26=0,(S26+R26)/2,FLOOR(((R26+S26+T26)/3),0.1)))))))) -> 0 | X26: =SUM(V26:W26) -> 0 | Y26: ='2ND TERM Db '!R26 -> 0 | Z26: ='1ST TERM Db'!R26 -> 0 | AA26: =IF(AND(X26=0,Y26=0,Z26=0),0,IF(AND(X26=0,Y26=0),Z26/1,IF(AND(X26=0,Z26=0),Y26/1,IF(AND(Y26=0,Z26=0),X26/1,IF(X26=0,FLOOR((Y26+Z26)/2,0.1),IF(Y26=0,(X26+Z26)/2,IF(Z26=0,(Y26+X26)/2,FLOOR(((X26+Y26+Z26)/3),0.1)))))))) -> 0 | AD26: =SUM(AB26:AC26) -> 0 | AE26: ='2ND TERM Db '!U26 -> 0 | AF26: ='1ST TERM Db'!U26 -> 0 | AG26: =IF(AND(AD26=0,AE26=0,AF26=0),0,IF(AND(AD26=0,AE26=0),AF26/1,IF(AND(AD26=0,AF26=0),AE26/1,IF(AND(AE26=0,AF26=0),AD26/1,IF(AD26=0,FLOOR((AE26+AF26)/2,0.1),IF(AE26=0,(AD26+AF26)/2,IF(AF26=0,(AE26+AD26)/2,FLOOR(((AD26+AE26+AF26)/3),0.1)))))))) -> 0 | AJ26: =SUM(AH26:AI26) -> 0 | AK26: ='2ND TERM Db '!X26 -> 0 | AL26: ='1ST TERM Db'!X26 -> 0 | AM26: =IF(AND(AJ26=0,AK26=0,AL26=0),0,IF(AND(AJ26=0,AK26=0),AL26/1,IF(AND(AJ26=0,AL26=0),AK26/1,IF(AND(AK26=0,AL26=0),AJ26/1,IF(AJ26=0,FLOOR((AK26+AL26)/2,0.1),IF(AK26=0,(AJ26+AL26)/2,IF(AL26=0,(AK26+AJ26)/2,FLOOR(((AJ26+AK26+AL26)/3),0.1)))))))) -> 0 | AP26: =SUM(AN26:AO26) -> 0 | AQ26: ='2ND TERM Db '!AA26 -> 0 | AR26: ='1ST TERM Db'!AA26 -> 0 | AS26: =IF(AND(AP26=0,AQ26=0,AR26=0),0,IF(AND(AP26=0,AQ26=0),AR26/1,IF(AND(AP26=0,AR26=0),AQ26/1,IF(AND(AQ26=0,AR26=0),AP26/1,IF(AP26=0,FLOOR((AQ26+AR26)/2,0.1),IF(AQ26=0,(AP26+AR26)/2,IF(AR26=0,(AQ26+AP26)/2,FLOOR(((AP26+AQ26+AR26)/3),0.1)))))))) -> 0 | AV26: =SUM(AT26:AU26) -> 0 | AW26: ='2ND TERM Db '!AD26 -> 0 | AX26: ='1ST TERM Db'!AD26 -> 0 | AY26: =IF(AND(AV26=0,AW26=0,AX26=0),0,IF(AND(AV26=0,AW26=0),AX26/1,IF(AND(AV26=0,AX26=0),AW26/1,IF(AND(AW26=0,AX26=0),AV26/1,IF(AV26=0,FLOOR((AW26+AX26)/2,0.1),IF(AW26=0,(AV26+AX26)/2,IF(AX26=0,(AW26+AV26)/2,FLOOR(((AV26+AW26+AX26)/3),0.1)))))))) -> 0 | BB26: =SUM(AZ26:BA26) -> 0 | BC26: ='2ND TERM Db '!AG26 -> 0 | BD26: ='1ST TERM Db'!AG26 -> 0 | BE26: =IF(AND(BB26=0,BC26=0,BD26=0),0,IF(AND(BB26=0,BC26=0),BD26/1,IF(AND(BB26=0,BD26=0),BC26/1,IF(AND(BC26=0,BD26=0),BB26/1,IF(BB26=0,FLOOR((BC26+BD26)/2,0.1),IF(BC26=0,(BB26+BD26)/2,IF(BD26=0,(BC26+BB26)/2,FLOOR(((BB26+BC26+BD26)/3),0.1)))))))) -> 0 | BH26: =SUM(BF26:BG26) -> 0 | BI26: ='2ND TERM Db '!AJ26 -> 0 | BJ26: ='1ST TERM Db'!AJ26 -> 53 | BK26: =IF(AND(BH26=0,BI26=0,BJ26=0),0,IF(AND(BH26=0,BI26=0),BJ26/1,IF(AND(BH26=0,BJ26=0),BI26/1,IF(AND(BI26=0,BJ26=0),BH26/1,IF(BH26=0,FLOOR((BI26+BJ26)/2,0.1),IF(BI26=0,(BH26+BJ26)/2,IF(BJ26=0,(BI26+BH26)/2,FLOOR(((BH26+BI26+BJ26)/3),0.1)))))))) -> 53 | BN26: =SUM(BL26:BM26) -> 0 | BO26: ='2ND TERM Db '!AM26 -> 0 | BP26: ='1ST TERM Db'!AM26 -> 0 | BQ26: =IF(AND(BN26=0,BO26=0,BP26=0),0,IF(AND(BN26=0,BO26=0),BP26/1,IF(AND(BN26=0,BP26=0),BO26/1,IF(AND(BO26=0,BP26=0),BN26/1,IF(BN26=0,FLOOR((BO26+BP26)/2,0.1),IF(BO26=0,(BN26+BP26)/2,IF(BP26=0,(BO26+BN26)/2,FLOOR(((BN26+BO26+BP26)/3),0.1)))))))) -> 0 | BT26: =SUM(BR26:BS26) -> 0 | BU26: ='2ND TERM Db '!AP26 -> 0 | BV26: ='1ST TERM Db'!AP26 -> 0 | BW26: =IF(AND(BT26=0,BU26=0,BV26=0),0,IF(AND(BT26=0,BU26=0),BV26/1,IF(AND(BT26=0,BV26=0),BU26/1,IF(AND(BU26=0,BV26=0),BT26/1,IF(BT26=0,FLOOR((BU26+BV26)/2,0.1),IF(BU26=0,(BT26+BV26)/2,IF(BV26=0,(BU26+BT26)/2,FLOOR(((BT26+BU26+BV26)/3),0.1)))))))) -> 0 | BZ26: =SUM(BX26:BY26) -> 0 | CA26: ='2ND TERM Db '!AS26 -> 0 | CB26: ='1ST TERM Db'!AS26 -> 0 | CC26: =IF(AND(BZ26=0,CA26=0,CB26=0),0,IF(AND(BZ26=0,CA26=0),CB26/1,IF(AND(BZ26=0,CB26=0),CA26/1,IF(AND(CA26=0,CB26=0),BZ26/1,IF(BZ26=0,FLOOR((CA26+CB26)/2,0.1),IF(CA26=0,(BZ26+CB26)/2,IF(CB26=0,(CA26+BZ26)/2,FLOOR(((BZ26+CA26+CB26)/3),0.1)))))))) -> 0 | CF26: =SUM(CD26:CE26) -> 0 | CG26: ='2ND TERM Db '!AV26 -> 0 | CH26: ='1ST TERM Db'!AV26 -> 0 | CI26: =IF(AND(CF26=0,CG26=0,CH26=0),0,IF(AND(CF26=0,CG26=0),CH26/1,IF(AND(CF26=0,CH26=0),CG26/1,IF(AND(CG26=0,CH26=0),CF26/1,IF(CF26=0,FLOOR((CG26+CH26)/2,0.1),IF(CG26=0,(CF26+CH26)/2,IF(CH26=0,(CG26+CF26)/2,FLOOR(((CF26+CG26+CH26)/3),0.1)))))))) -> 0 | CL26: =SUM(CJ26:CK26) -> 0 | CM26: ='2ND TERM Db '!AY26 -> 0 | CN26: ='1ST TERM Db'!AY26 -> 0 | CO26: =IF(AND(CL26=0,CM26=0,CN26=0),0,IF(AND(CL26=0,CM26=0),CN26/1,IF(AND(CL26=0,CN26=0),CM26/1,IF(AND(CM26=0,CN26=0),CL26/1,IF(CL26=0,FLOOR((CM26+CN26)/2,0.1),IF(CM26=0,(CL26+CN26)/2,IF(CN26=0,(CM26+CL26)/2,FLOOR(((CL26+CM26+CN26)/3),0.1)))))))) -> 0 | CR26: =SUM(CP26:CQ26) -> 0 | CS26: ='2ND TERM Db '!BB26 -> 0 | CT26: ='1ST TERM Db'!BB26 -> 0 | CU26: =IF(AND(CR26=0,CS26=0,CT26=0),0,IF(AND(CR26=0,CS26=0),CT26/1,IF(AND(CR26=0,CT26=0),CS26/1,IF(AND(CS26=0,CT26=0),CR26/1,IF(CR26=0,FLOOR((CS26+CT26)/2,0.1),IF(CS26=0,(CR26+CT26)/2,IF(CT26=0,(CS26+CR26)/2,FLOOR(((CR26+CS26+CT26)/3),0.1)))))))) -> 0 | CX26: =SUM(CV26:CW26) -> 0 | CY26: ='2ND TERM Db '!BE26 -> 0 | CZ26: ='1ST TERM Db'!BE26 -> 0 | DA26: =IF(AND(CX26=0,CY26=0,CZ26=0),0,IF(AND(CX26=0,CY26=0),CZ26/1,IF(AND(CX26=0,CZ26=0),CY26/1,IF(AND(CY26=0,CZ26=0),CX26/1,IF(CX26=0,FLOOR((CY26+CZ26)/2,0.1),IF(CY26=0,(CX26+CZ26)/2,IF(CZ26=0,(CY26+CX26)/2,FLOOR(((CX26+CY26+CZ26)/3),0.1)))))))) -> 0 | DD26: =SUM(DB26:DC26) -> 0 | DE26: ='2ND TERM Db '!BH26 -> 0 | DF26: ='1ST TERM Db'!BH26 -> 0 | DG26: =IF(AND(DD26=0,DE26=0,DF26=0),0,IF(AND(DD26=0,DE26=0),DF26/1,IF(AND(DD26=0,DF26=0),DE26/1,IF(AND(DE26=0,DF26=0),DD26/1,IF(DD26=0,FLOOR((DE26+DF26)/2,0.1),IF(DE26=0,(DD26+DF26)/2,IF(DF26=0,(DE26+DD26)/2,FLOOR(((DD26+DE26+DF26)/3),0.1)))))))) -> 0 | DJ26: =SUM(DH26:DI26) -> 0 | DK26: ='2ND TERM Db '!BK26 -> 0 | DL26: ='1ST TERM Db'!BK26 -> 0 | DM26: =IF(AND(DJ26=0,DK26=0,DL26=0),0,IF(AND(DJ26=0,DK26=0),DL26/1,IF(AND(DJ26=0,DL26=0),DK26/1,IF(AND(DK26=0,DL26=0),DJ26/1,IF(DJ26=0,FLOOR((DK26+DL26)/2,0.1),IF(DK26=0,(DJ26+DL26)/2,IF(DL26=0,(DK26+DJ26)/2,FLOOR(((DJ26+DK26+DL26)/3),0.1)))))))) -> 0 | DN26: =SUM(O26,U26,AA26,AG26,AM26,AS26,AY26,BE26,BK26,BQ26,BW26,CC26,CI26,CO26,CU26,DA26,DG26:DM26) -> 53 | DO26: =RANK(DN26,DN$4:DN$503) -> 3 | DP26: CHOOSE RATING | DQ26: CHOOSE RATING | DR26: CHOOSE RATING | DS26: CHOOSE RATING | DT26: CHOOSE RATING | DU26: CHOOSE RATING | DV26: CHOOSE RATING | DW26: CHOOSE RATING | DX26: 2025/2026 | DY26: THIRD | DZ26: CHOOSE RATING | EA26: CHOOSE RATING | EB26: CHOOSE RATING | EC26: CHOOSE RATING | ED26: CHOOSE RATING | EE26: CHOOSE RATING | EF26: CHOOSE RATING | EG26: Add the Tutor's Comment . . . | EH26: Choose Principals comment | EI26: Mr. Akinwale Ibrahim | EJ26: Next Term Begins on Monday, 14th September, 2026.
A27: 24 | B27: ='1ST TERM Db'!B27 -> MUSEDIQ MARIAM | C27: ='1ST TERM Db'!C27 -> 2387 | D27: ='1ST TERM Db'!D27 -> FEMALE | E27: ='1ST TERM Db'!E27 -> SSS3C | I27: =G27-H27 -> 0 | L27: =SUM(J27:K27) -> 0 | M27: ='2ND TERM Db '!L27 -> 0 | N27: ='1ST TERM Db'!L27 -> 0 | O27: =IF(AND(L27=0,M27=0,N27=0),0,IF(AND(L27=0,M27=0),N27/1,IF(AND(L27=0,N27=0),M27/1,IF(AND(M27=0,N27=0),L27/1,IF(L27=0,FLOOR((M27+N27)/2,0.1),IF(M27=0,(L27+N27)/2,IF(N27=0,(M27+L27)/2,FLOOR(((L27+M27+N27)/3),0.1)))))))) -> 0 | R27: =SUM(P27:Q27) -> 0 | S27: ='2ND TERM Db '!O27 -> 0 | T27: ='1ST TERM Db'!O27 -> 0 | U27: =IF(AND(R27=0,S27=0,T27=0),0,IF(AND(R27=0,S27=0),T27/1,IF(AND(R27=0,T27=0),S27/1,IF(AND(S27=0,T27=0),R27/1,IF(R27=0,FLOOR((S27+T27)/2,0.1),IF(S27=0,(R27+T27)/2,IF(T27=0,(S27+R27)/2,FLOOR(((R27+S27+T27)/3),0.1)))))))) -> 0 | X27: =SUM(V27:W27) -> 0 | Y27: ='2ND TERM Db '!R27 -> 0 | Z27: ='1ST TERM Db'!R27 -> 0 | AA27: =IF(AND(X27=0,Y27=0,Z27=0),0,IF(AND(X27=0,Y27=0),Z27/1,IF(AND(X27=0,Z27=0),Y27/1,IF(AND(Y27=0,Z27=0),X27/1,IF(X27=0,FLOOR((Y27+Z27)/2,0.1),IF(Y27=0,(X27+Z27)/2,IF(Z27=0,(Y27+X27)/2,FLOOR(((X27+Y27+Z27)/3),0.1)))))))) -> 0 | AD27: =SUM(AB27:AC27) -> 0 | AE27: ='2ND TERM Db '!U27 -> 0 | AF27: ='1ST TERM Db'!U27 -> 0 | AG27: =IF(AND(AD27=0,AE27=0,AF27=0),0,IF(AND(AD27=0,AE27=0),AF27/1,IF(AND(AD27=0,AF27=0),AE27/1,IF(AND(AE27=0,AF27=0),AD27/1,IF(AD27=0,FLOOR((AE27+AF27)/2,0.1),IF(AE27=0,(AD27+AF27)/2,IF(AF27=0,(AE27+AD27)/2,FLOOR(((AD27+AE27+AF27)/3),0.1)))))))) -> 0 | AJ27: =SUM(AH27:AI27) -> 0 | AK27: ='2ND TERM Db '!X27 -> 0 | AL27: ='1ST TERM Db'!X27 -> 0 | AM27: =IF(AND(AJ27=0,AK27=0,AL27=0),0,IF(AND(AJ27=0,AK27=0),AL27/1,IF(AND(AJ27=0,AL27=0),AK27/1,IF(AND(AK27=0,AL27=0),AJ27/1,IF(AJ27=0,FLOOR((AK27+AL27)/2,0.1),IF(AK27=0,(AJ27+AL27)/2,IF(AL27=0,(AK27+AJ27)/2,FLOOR(((AJ27+AK27+AL27)/3),0.1)))))))) -> 0 | AP27: =SUM(AN27:AO27) -> 0 | AQ27: ='2ND TERM Db '!AA27 -> 0 | AR27: ='1ST TERM Db'!AA27 -> 0 | AS27: =IF(AND(AP27=0,AQ27=0,AR27=0),0,IF(AND(AP27=0,AQ27=0),AR27/1,IF(AND(AP27=0,AR27=0),AQ27/1,IF(AND(AQ27=0,AR27=0),AP27/1,IF(AP27=0,FLOOR((AQ27+AR27)/2,0.1),IF(AQ27=0,(AP27+AR27)/2,IF(AR27=0,(AQ27+AP27)/2,FLOOR(((AP27+AQ27+AR27)/3),0.1)))))))) -> 0 | AV27: =SUM(AT27:AU27) -> 0 | AW27: ='2ND TERM Db '!AD27 -> 0 | AX27: ='1ST TERM Db'!AD27 -> 0 | AY27: =IF(AND(AV27=0,AW27=0,AX27=0),0,IF(AND(AV27=0,AW27=0),AX27/1,IF(AND(AV27=0,AX27=0),AW27/1,IF(AND(AW27=0,AX27=0),AV27/1,IF(AV27=0,FLOOR((AW27+AX27)/2,0.1),IF(AW27=0,(AV27+AX27)/2,IF(AX27=0,(AW27+AV27)/2,FLOOR(((AV27+AW27+AX27)/3),0.1)))))))) -> 0 | BB27: =SUM(AZ27:BA27) -> 0 | BC27: ='2ND TERM Db '!AG27 -> 0 | BD27: ='1ST TERM Db'!AG27 -> 0 | BE27: =IF(AND(BB27=0,BC27=0,BD27=0),0,IF(AND(BB27=0,BC27=0),BD27/1,IF(AND(BB27=0,BD27=0),BC27/1,IF(AND(BC27=0,BD27=0),BB27/1,IF(BB27=0,FLOOR((BC27+BD27)/2,0.1),IF(BC27=0,(BB27+BD27)/2,IF(BD27=0,(BC27+BB27)/2,FLOOR(((BB27+BC27+BD27)/3),0.1)))))))) -> 0 | BH27: =SUM(BF27:BG27) -> 0 | BI27: ='2ND TERM Db '!AJ27 -> 0 | BJ27: ='1ST TERM Db'!AJ27 -> 31 | BK27: =IF(AND(BH27=0,BI27=0,BJ27=0),0,IF(AND(BH27=0,BI27=0),BJ27/1,IF(AND(BH27=0,BJ27=0),BI27/1,IF(AND(BI27=0,BJ27=0),BH27/1,IF(BH27=0,FLOOR((BI27+BJ27)/2,0.1),IF(BI27=0,(BH27+BJ27)/2,IF(BJ27=0,(BI27+BH27)/2,FLOOR(((BH27+BI27+BJ27)/3),0.1)))))))) -> 31 | BN27: =SUM(BL27:BM27) -> 0 | BO27: ='2ND TERM Db '!AM27 -> 0 | BP27: ='1ST TERM Db'!AM27 -> 0 | BQ27: =IF(AND(BN27=0,BO27=0,BP27=0),0,IF(AND(BN27=0,BO27=0),BP27/1,IF(AND(BN27=0,BP27=0),BO27/1,IF(AND(BO27=0,BP27=0),BN27/1,IF(BN27=0,FLOOR((BO27+BP27)/2,0.1),IF(BO27=0,(BN27+BP27)/2,IF(BP27=0,(BO27+BN27)/2,FLOOR(((BN27+BO27+BP27)/3),0.1)))))))) -> 0 | BT27: =SUM(BR27:BS27) -> 0 | BU27: ='2ND TERM Db '!AP27 -> 0 | BV27: ='1ST TERM Db'!AP27 -> 0 | BW27: =IF(AND(BT27=0,BU27=0,BV27=0),0,IF(AND(BT27=0,BU27=0),BV27/1,IF(AND(BT27=0,BV27=0),BU27/1,IF(AND(BU27=0,BV27=0),BT27/1,IF(BT27=0,FLOOR((BU27+BV27)/2,0.1),IF(BU27=0,(BT27+BV27)/2,IF(BV27=0,(BU27+BT27)/2,FLOOR(((BT27+BU27+BV27)/3),0.1)))))))) -> 0 | BZ27: =SUM(BX27:BY27) -> 0 | CA27: ='2ND TERM Db '!AS27 -> 0 | CB27: ='1ST TERM Db'!AS27 -> 0 | CC27: =IF(AND(BZ27=0,CA27=0,CB27=0),0,IF(AND(BZ27=0,CA27=0),CB27/1,IF(AND(BZ27=0,CB27=0),CA27/1,IF(AND(CA27=0,CB27=0),BZ27/1,IF(BZ27=0,FLOOR((CA27+CB27)/2,0.1),IF(CA27=0,(BZ27+CB27)/2,IF(CB27=0,(CA27+BZ27)/2,FLOOR(((BZ27+CA27+CB27)/3),0.1)))))))) -> 0 | CF27: =SUM(CD27:CE27) -> 0 | CG27: ='2ND TERM Db '!AV27 -> 0 | CH27: ='1ST TERM Db'!AV27 -> 0 | CI27: =IF(AND(CF27=0,CG27=0,CH27=0),0,IF(AND(CF27=0,CG27=0),CH27/1,IF(AND(CF27=0,CH27=0),CG27/1,IF(AND(CG27=0,CH27=0),CF27/1,IF(CF27=0,FLOOR((CG27+CH27)/2,0.1),IF(CG27=0,(CF27+CH27)/2,IF(CH27=0,(CG27+CF27)/2,FLOOR(((CF27+CG27+CH27)/3),0.1)))))))) -> 0 | CL27: =SUM(CJ27:CK27) -> 0 | CM27: ='2ND TERM Db '!AY27 -> 0 | CN27: ='1ST TERM Db'!AY27 -> 0 | CO27: =IF(AND(CL27=0,CM27=0,CN27=0),0,IF(AND(CL27=0,CM27=0),CN27/1,IF(AND(CL27=0,CN27=0),CM27/1,IF(AND(CM27=0,CN27=0),CL27/1,IF(CL27=0,FLOOR((CM27+CN27)/2,0.1),IF(CM27=0,(CL27+CN27)/2,IF(CN27=0,(CM27+CL27)/2,FLOOR(((CL27+CM27+CN27)/3),0.1)))))))) -> 0 | CR27: =SUM(CP27:CQ27) -> 0 | CS27: ='2ND TERM Db '!BB27 -> 0 | CT27: ='1ST TERM Db'!BB27 -> 0 | CU27: =IF(AND(CR27=0,CS27=0,CT27=0),0,IF(AND(CR27=0,CS27=0),CT27/1,IF(AND(CR27=0,CT27=0),CS27/1,IF(AND(CS27=0,CT27=0),CR27/1,IF(CR27=0,FLOOR((CS27+CT27)/2,0.1),IF(CS27=0,(CR27+CT27)/2,IF(CT27=0,(CS27+CR27)/2,FLOOR(((CR27+CS27+CT27)/3),0.1)))))))) -> 0 | CX27: =SUM(CV27:CW27) -> 0 | CY27: ='2ND TERM Db '!BE27 -> 0 | CZ27: ='1ST TERM Db'!BE27 -> 0 | DA27: =IF(AND(CX27=0,CY27=0,CZ27=0),0,IF(AND(CX27=0,CY27=0),CZ27/1,IF(AND(CX27=0,CZ27=0),CY27/1,IF(AND(CY27=0,CZ27=0),CX27/1,IF(CX27=0,FLOOR((CY27+CZ27)/2,0.1),IF(CY27=0,(CX27+CZ27)/2,IF(CZ27=0,(CY27+CX27)/2,FLOOR(((CX27+CY27+CZ27)/3),0.1)))))))) -> 0 | DD27: =SUM(DB27:DC27) -> 0 | DE27: ='2ND TERM Db '!BH27 -> 0 | DF27: ='1ST TERM Db'!BH27 -> 0 | DG27: =IF(AND(DD27=0,DE27=0,DF27=0),0,IF(AND(DD27=0,DE27=0),DF27/1,IF(AND(DD27=0,DF27=0),DE27/1,IF(AND(DE27=0,DF27=0),DD27/1,IF(DD27=0,FLOOR((DE27+DF27)/2,0.1),IF(DE27=0,(DD27+DF27)/2,IF(DF27=0,(DE27+DD27)/2,FLOOR(((DD27+DE27+DF27)/3),0.1)))))))) -> 0 | DJ27: =SUM(DH27:DI27) -> 0 | DK27: ='2ND TERM Db '!BK27 -> 0 | DL27: ='1ST TERM Db'!BK27 -> 0 | DM27: =IF(AND(DJ27=0,DK27=0,DL27=0),0,IF(AND(DJ27=0,DK27=0),DL27/1,IF(AND(DJ27=0,DL27=0),DK27/1,IF(AND(DK27=0,DL27=0),DJ27/1,IF(DJ27=0,FLOOR((DK27+DL27)/2,0.1),IF(DK27=0,(DJ27+DL27)/2,IF(DL27=0,(DK27+DJ27)/2,FLOOR(((DJ27+DK27+DL27)/3),0.1)))))))) -> 0 | DN27: =SUM(O27,U27,AA27,AG27,AM27,AS27,AY27,BE27,BK27,BQ27,BW27,CC27,CI27,CO27,CU27,DA27,DG27,DM27) -> 31 | DO27: =RANK(DN27,DN$4:DN$503) -> 7 | DP27: CHOOSE RATING | DQ27: CHOOSE RATING | DR27: CHOOSE RATING | DS27: CHOOSE RATING | DT27: CHOOSE RATING | DU27: CHOOSE RATING | DV27: CHOOSE RATING | DW27: CHOOSE RATING | DX27: 2025/2026 | DY27: THIRD | DZ27: CHOOSE RATING | EA27: CHOOSE RATING | EB27: CHOOSE RATING | EC27: CHOOSE RATING | ED27: CHOOSE RATING | EE27: CHOOSE RATING | EF27: CHOOSE RATING | EG27: Add the Tutor's Comment . . . | EH27: Choose Principals comment | EI27: Mr. Akinwale Ibrahim | EJ27: Next Term Begins on Monday, 14th September, 2026.
A28: 25 | B28: ='1ST TERM Db'!B28 -> OLAMILEKAN ZAINAB | C28: ='1ST TERM Db'!C28 -> 2936 | D28: ='1ST TERM Db'!D28 -> FEMALE | E28: ='1ST TERM Db'!E28 -> SSS3C | I28: =G28-H28 -> 0 | L28: =SUM(J28:K28) -> 0 | M28: ='2ND TERM Db '!L28 -> 0 | N28: ='1ST TERM Db'!L28 -> 0 | O28: =IF(AND(L28=0,M28=0,N28=0),0,IF(AND(L28=0,M28=0),N28/1,IF(AND(L28=0,N28=0),M28/1,IF(AND(M28=0,N28=0),L28/1,IF(L28=0,FLOOR((M28+N28)/2,0.1),IF(M28=0,(L28+N28)/2,IF(N28=0,(M28+L28)/2,FLOOR(((L28+M28+N28)/3),0.1)))))))) -> 0 | R28: =SUM(P28:Q28) -> 0 | S28: ='2ND TERM Db '!O28 -> 0 | T28: ='1ST TERM Db'!O28 -> 0 | U28: =IF(AND(R28=0,S28=0,T28=0),0,IF(AND(R28=0,S28=0),T28/1,IF(AND(R28=0,T28=0),S28/1,IF(AND(S28=0,T28=0),R28/1,IF(R28=0,FLOOR((S28+T28)/2,0.1),IF(S28=0,(R28+T28)/2,IF(T28=0,(S28+R28)/2,FLOOR(((R28+S28+T28)/3),0.1)))))))) -> 0 | X28: =SUM(V28:W28) -> 0 | Y28: ='2ND TERM Db '!R28 -> 0 | Z28: ='1ST TERM Db'!R28 -> 0 | AA28: =IF(AND(X28=0,Y28=0,Z28=0),0,IF(AND(X28=0,Y28=0),Z28/1,IF(AND(X28=0,Z28=0),Y28/1,IF(AND(Y28=0,Z28=0),X28/1,IF(X28=0,FLOOR((Y28+Z28)/2,0.1),IF(Y28=0,(X28+Z28)/2,IF(Z28=0,(Y28+X28)/2,FLOOR(((X28+Y28+Z28)/3),0.1)))))))) -> 0 | AD28: =SUM(AB28:AC28) -> 0 | AE28: ='2ND TERM Db '!U28 -> 0 | AF28: ='1ST TERM Db'!U28 -> 0 | AG28: =IF(AND(AD28=0,AE28=0,AF28=0),0,IF(AND(AD28=0,AE28=0),AF28/1,IF(AND(AD28=0,AF28=0),AE28/1,IF(AND(AE28=0,AF28=0),AD28/1,IF(AD28=0,FLOOR((AE28+AF28)/2,0.1),IF(AE28=0,(AD28+AF28)/2,IF(AF28=0,(AE28+AD28)/2,FLOOR(((AD28+AE28+AF28)/3),0.1)))))))) -> 0 | AJ28: =SUM(AH28:AI28) -> 0 | AK28: ='2ND TERM Db '!X28 -> 0 | AL28: ='1ST TERM Db'!X28 -> 0 | AM28: =IF(AND(AJ28=0,AK28=0,AL28=0),0,IF(AND(AJ28=0,AK28=0),AL28/1,IF(AND(AJ28=0,AL28=0),AK28/1,IF(AND(AK28=0,AL28=0),AJ28/1,IF(AJ28=0,FLOOR((AK28+AL28)/2,0.1),IF(AK28=0,(AJ28+AL28)/2,IF(AL28=0,(AK28+AJ28)/2,FLOOR(((AJ28+AK28+AL28)/3),0.1)))))))) -> 0 | AP28: =SUM(AN28:AO28) -> 0 | AQ28: ='2ND TERM Db '!AA28 -> 0 | AR28: ='1ST TERM Db'!AA28 -> 0 | AS28: =IF(AND(AP28=0,AQ28=0,AR28=0),0,IF(AND(AP28=0,AQ28=0),AR28/1,IF(AND(AP28=0,AR28=0),AQ28/1,IF(AND(AQ28=0,AR28=0),AP28/1,IF(AP28=0,FLOOR((AQ28+AR28)/2,0.1),IF(AQ28=0,(AP28+AR28)/2,IF(AR28=0,(AQ28+AP28)/2,FLOOR(((AP28+AQ28+AR28)/3),0.1)))))))) -> 0 | AV28: =SUM(AT28:AU28) -> 0 | AW28: ='2ND TERM Db '!AD28 -> 0 | AX28: ='1ST TERM Db'!AD28 -> 0 | AY28: =IF(AND(AV28=0,AW28=0,AX28=0),0,IF(AND(AV28=0,AW28=0),AX28/1,IF(AND(AV28=0,AX28=0),AW28/1,IF(AND(AW28=0,AX28=0),AV28/1,IF(AV28=0,FLOOR((AW28+AX28)/2,0.1),IF(AW28=0,(AV28+AX28)/2,IF(AX28=0,(AW28+AV28)/2,FLOOR(((AV28+AW28+AX28)/3),0.1)))))))) -> 0 | BB28: =SUM(AZ28:BA28) -> 0 | BC28: ='2ND TERM Db '!AG28 -> 0 | BD28: ='1ST TERM Db'!AG28 -> 0 | BE28: =IF(AND(BB28=0,BC28=0,BD28=0),0,IF(AND(BB28=0,BC28=0),BD28/1,IF(AND(BB28=0,BD28=0),BC28/1,IF(AND(BC28=0,BD28=0),BB28/1,IF(BB28=0,FLOOR((BC28+BD28)/2,0.1),IF(BC28=0,(BB28+BD28)/2,IF(BD28=0,(BC28+BB28)/2,FLOOR(((BB28+BC28+BD28)/3),0.1)))))))) -> 0 | BH28: =SUM(BF28:BG28) -> 0 | BI28: ='2ND TERM Db '!AJ28 -> 0 | BJ28: ='1ST TERM Db'!AJ28 -> 0 | BK28: =IF(AND(BH28=0,BI28=0,BJ28=0),0,IF(AND(BH28=0,BI28=0),BJ28/1,IF(AND(BH28=0,BJ28=0),BI28/1,IF(AND(BI28=0,BJ28=0),BH28/1,IF(BH28=0,FLOOR((BI28+BJ28)/2,0.1),IF(BI28=0,(BH28+BJ28)/2,IF(BJ28=0,(BI28+BH28)/2,FLOOR(((BH28+BI28+BJ28)/3),0.1)))))))) -> 0 | BN28: =SUM(BL28:BM28) -> 0 | BO28: ='2ND TERM Db '!AM28 -> 0 | BP28: ='1ST TERM Db'!AM28 -> 0 | BQ28: =IF(AND(BN28=0,BO28=0,BP28=0),0,IF(AND(BN28=0,BO28=0),BP28/1,IF(AND(BN28=0,BP28=0),BO28/1,IF(AND(BO28=0,BP28=0),BN28/1,IF(BN28=0,FLOOR((BO28+BP28)/2,0.1),IF(BO28=0,(BN28+BP28)/2,IF(BP28=0,(BO28+BN28)/2,FLOOR(((BN28+BO28+BP28)/3),0.1)))))))) -> 0 | BT28: =SUM(BR28:BS28) -> 0 | BU28: ='2ND TERM Db '!AP28 -> 0 | BV28: ='1ST TERM Db'!AP28 -> 0 | BW28: =IF(AND(BT28=0,BU28=0,BV28=0),0,IF(AND(BT28=0,BU28=0),BV28/1,IF(AND(BT28=0,BV28=0),BU28/1,IF(AND(BU28=0,BV28=0),BT28/1,IF(BT28=0,FLOOR((BU28+BV28)/2,0.1),IF(BU28=0,(BT28+BV28)/2,IF(BV28=0,(BU28+BT28)/2,FLOOR(((BT28+BU28+BV28)/3),0.1)))))))) -> 0 | BZ28: =SUM(BX28:BY28) -> 0 | CA28: ='2ND TERM Db '!AS28 -> 0 | CB28: ='1ST TERM Db'!AS28 -> 0 | CC28: =IF(AND(BZ28=0,CA28=0,CB28=0),0,IF(AND(BZ28=0,CA28=0),CB28/1,IF(AND(BZ28=0,CB28=0),CA28/1,IF(AND(CA28=0,CB28=0),BZ28/1,IF(BZ28=0,FLOOR((CA28+CB28)/2,0.1),IF(CA28=0,(BZ28+CB28)/2,IF(CB28=0,(CA28+BZ28)/2,FLOOR(((BZ28+CA28+CB28)/3),0.1)))))))) -> 0 | CF28: =SUM(CD28:CE28) -> 0 | CG28: ='2ND TERM Db '!AV28 -> 0 | CH28: ='1ST TERM Db'!AV28 -> 0 | CI28: =IF(AND(CF28=0,CG28=0,CH28=0),0,IF(AND(CF28=0,CG28=0),CH28/1,IF(AND(CF28=0,CH28=0),CG28/1,IF(AND(CG28=0,CH28=0),CF28/1,IF(CF28=0,FLOOR((CG28+CH28)/2,0.1),IF(CG28=0,(CF28+CH28)/2,IF(CH28=0,(CG28+CF28)/2,FLOOR(((CF28+CG28+CH28)/3),0.1)))))))) -> 0 | CL28: =SUM(CJ28:CK28) -> 0 | CM28: ='2ND TERM Db '!AY28 -> 0 | CN28: ='1ST TERM Db'!AY28 -> 0 | CO28: =IF(AND(CL28=0,CM28=0,CN28=0),0,IF(AND(CL28=0,CM28=0),CN28/1,IF(AND(CL28=0,CN28=0),CM28/1,IF(AND(CM28=0,CN28=0),CL28/1,IF(CL28=0,FLOOR((CM28+CN28)/2,0.1),IF(CM28=0,(CL28+CN28)/2,IF(CN28=0,(CM28+CL28)/2,FLOOR(((CL28+CM28+CN28)/3),0.1)))))))) -> 0 | CR28: =SUM(CP28:CQ28) -> 0 | CS28: ='2ND TERM Db '!BB28 -> 0 | CT28: ='1ST TERM Db'!BB28 -> 0 | CU28: =IF(AND(CR28=0,CS28=0,CT28=0),0,IF(AND(CR28=0,CS28=0),CT28/1,IF(AND(CR28=0,CT28=0),CS28/1,IF(AND(CS28=0,CT28=0),CR28/1,IF(CR28=0,FLOOR((CS28+CT28)/2,0.1),IF(CS28=0,(CR28+CT28)/2,IF(CT28=0,(CS28+CR28)/2,FLOOR(((CR28+CS28+CT28)/3),0.1)))))))) -> 0 | CX28: =SUM(CV28:CW28) -> 0 | CY28: ='2ND TERM Db '!BE28 -> 0 | CZ28: ='1ST TERM Db'!BE28 -> 0 | DA28: =IF(AND(CX28=0,CY28=0,CZ28=0),0,IF(AND(CX28=0,CY28=0),CZ28/1,IF(AND(CX28=0,CZ28=0),CY28/1,IF(AND(CY28=0,CZ28=0),CX28/1,IF(CX28=0,FLOOR((CY28+CZ28)/2,0.1),IF(CY28=0,(CX28+CZ28)/2,IF(CZ28=0,(CY28+CX28)/2,FLOOR(((CX28+CY28+CZ28)/3),0.1)))))))) -> 0 | DD28: =SUM(DB28:DC28) -> 0 | DE28: ='2ND TERM Db '!BH28 -> 0 | DF28: ='1ST TERM Db'!BH28 -> 0 | DG28: =IF(AND(DD28=0,DE28=0,DF28=0),0,IF(AND(DD28=0,DE28=0),DF28/1,IF(AND(DD28=0,DF28=0),DE28/1,IF(AND(DE28=0,DF28=0),DD28/1,IF(DD28=0,FLOOR((DE28+DF28)/2,0.1),IF(DE28=0,(DD28+DF28)/2,IF(DF28=0,(DE28+DD28)/2,FLOOR(((DD28+DE28+DF28)/3),0.1)))))))) -> 0 | DJ28: =SUM(DH28:DI28) -> 0 | DK28: ='2ND TERM Db '!BK28 -> 0 | DL28: ='1ST TERM Db'!BK28 -> 0 | DM28: =IF(AND(DJ28=0,DK28=0,DL28=0),0,IF(AND(DJ28=0,DK28=0),DL28/1,IF(AND(DJ28=0,DL28=0),DK28/1,IF(AND(DK28=0,DL28=0),DJ28/1,IF(DJ28=0,FLOOR((DK28+DL28)/2,0.1),IF(DK28=0,(DJ28+DL28)/2,IF(DL28=0,(DK28+DJ28)/2,FLOOR(((DJ28+DK28+DL28)/3),0.1)))))))) -> 0 | DN28: =SUM(O28,U28,AA28,AG28,AM28,AS28,AY28,BE28,BK28,BQ28,BW28,CC28,CI28,CO28,CU28,DA28,DG28:DM28) -> 0 | DO28: =RANK(DN28,DN$4:DN$503) -> 12 | DP28: CHOOSE RATING | DQ28: CHOOSE RATING | DR28: CHOOSE RATING | DS28: CHOOSE RATING | DT28: CHOOSE RATING | DU28: CHOOSE RATING | DV28: CHOOSE RATING | DW28: CHOOSE RATING | DX28: 2025/2026 | DY28: THIRD | DZ28: CHOOSE RATING | EA28: CHOOSE RATING | EB28: CHOOSE RATING | EC28: CHOOSE RATING | ED28: CHOOSE RATING | EE28: CHOOSE RATING | EF28: CHOOSE RATING | EG28: Add the Tutor's Comment . . . | EH28: Choose Principals comment | EI28: Mr. Akinwale Ibrahim | EJ28: Next Term Begins on Monday, 14th September, 2026.
